id,title,intro,poster,pubdate,url,rating,genres,star,comment,tags,star_time,card
36653918,抓娃娃,,https://dou.img.lithub.cc/movie/36653918.jpg,2024-07-16(中国大陆),https://movie.douban.com/subject/36653918/,7.4,喜剧,2,不好意思，代入了,,2024-07-19 22:04:56,2024 / 中国大陆 / 喜剧 / 闫非 彭大魔 / 沈腾 马丽
36188895,错位,,https://dou.img.lithub.cc/movie/36188895.jpg,2024-07-11(中国大陆),https://movie.douban.com/subject/36188895/,7.2,"爱情,悬疑,犯罪",3,悬疑和人的成长挂勾，想法挺巧，但是不是要要的太多了，单悬疑写好看就不简单,,2024-07-19 08:40:45,2024 / 中国大陆 / 爱情 悬疑 犯罪 / 郭映嘉 / 马伊琍 佟大为
35956190,走走停停,,https://dou.img.lithub.cc/movie/35956190.jpg,2024-06-08(中国大陆),https://movie.douban.com/subject/35956190/,8,"剧情,喜剧,家庭",4,难得能接受遗憾的片子,,2024-07-13 10:31:57,2024 / 中国大陆 / 剧情 喜剧 家庭 / 龙飞 / 胡歌 高圆圆
36085987,犯罪都市4,,https://dou.img.lithub.cc/movie/36085987.jpg,2024-02-23(柏林电影节),https://movie.douban.com/subject/36085987/,6.6,"动作,惊悚,犯罪",3,,,2024-07-07 17:11:48,2024 / 韩国 / 动作 惊悚 犯罪 / 许明行 / 马东锡 金武烈
35441874,何以中国,,https://dou.img.lithub.cc/movie/35441874.jpg,2023-12-09(中国大陆),https://movie.douban.com/subject/35441874/,9.1,纪录片,4,,,2024-07-06 20:28:10,2023 / 中国大陆 / 纪录片 / 干超 周洪波 魏国歌 王凯 钟倍尔 黄瀛灏 王冲霄 许贞 曹兢 / 胡歌 曹磊
36059974,政坛旋风,,https://dou.img.lithub.cc/movie/36059974.jpg,2024-06-28(韩国),https://movie.douban.com/subject/36059974/,7.9,,4,节奏快得得回看,,2024-07-02 11:44:25,2024 / 韩国 / 金勇完 / 薛景求 金喜爱
35665988,玫瑰的故事,,https://dou.img.lithub.cc/movie/35665988.jpg,2024-06-08(中国大陆),https://movie.douban.com/subject/35665988/,7.3,剧情,2,什么啊,,2024-06-24 19:00:14,2024 / 中国大陆 / 剧情 / 汪俊 / 刘亦菲 佟大为
35898983,职业杀手,,https://dou.img.lithub.cc/movie/35898983.jpg,2023-09-05(威尼斯电影节),https://movie.douban.com/subject/35898983/,7,"喜剧,动作,爱情",3,,,2024-06-12 22:16:53,2023 / 美国 / 喜剧 动作 爱情 犯罪 / 理查德·林克莱特 / 格伦·鲍威尔 阿德里娅·阿霍纳
35211921,富都青年,,https://dou.img.lithub.cc/movie/35211921.jpg,2023-12-01(中国台湾),https://movie.douban.com/subject/35211921/,6.9,剧情,3,,,2024-06-01 17:14:44,2023 / 马来西亚 / 剧情 / 王礼霖 / 吴慷仁 陈泽耀
36208094,第二十条,,https://dou.img.lithub.cc/movie/36208094.jpg,2024-02-10(中国大陆),https://movie.douban.com/subject/36208094/,7.5,"剧情,喜剧,家庭",4,多少个“绝望的一跳”是不归路，明知不合理，却仍就随波，我们何尝不是“施害者”。,,2024-05-05 10:38:00,2024 / 中国大陆 / 剧情 喜剧 家庭 / 张艺谋 / 雷佳音 马丽
36151693,不够善良的我们,,https://dou.img.lithub.cc/movie/36151693.jpg,2024-04-06(中国台湾),https://movie.douban.com/subject/36151693/,8.3,剧情,5,最后一集，心裂,,2024-05-02 20:33:50,2024 / 中国台湾 / 剧情 / 徐誉庭 / 林依晨 许玮甯
35490167,破墓,,https://dou.img.lithub.cc/movie/35490167.jpg,2024-02-16(柏林电影节),https://movie.douban.com/subject/35490167/,6.7,"悬疑,惊悚,恐怖",3,,,2024-04-27 22:08:54,2024 / 韩国 / 悬疑 惊悚 恐怖 / 张在现 / 崔岷植 金高银
35861696,眼泪女王,,https://dou.img.lithub.cc/movie/35861696.jpg,2024-03-09(韩国),https://movie.douban.com/subject/35861696/,6.9,"剧情,爱情",3,,,2024-04-13 09:59:38,2024 / 韩国 / 剧情 爱情 / 金希元 张荣佑 / 金秀贤 金智媛
1291561,千与千寻,,https://dou.img.lithub.cc/movie/1291561.jpg,2019-06-21(中国大陆),https://movie.douban.com/subject/1291561/,9.4,"剧情,动画,奇幻",,,,2024-04-05 08:00:59,2001 / 日本 / 剧情 动画 奇幻 / 宫崎骏 / 柊瑠美 入野自由
26925611,你想活出怎样的人生,,https://dou.img.lithub.cc/movie/26925611.jpg,2024-04-03(中国大陆),https://movie.douban.com/subject/26925611/,7.6,"动画,奇幻,冒险",3,低于期待,,2024-04-05 08:00:48,2023 / 日本 / 动画 奇幻 冒险 / 宫崎骏 / 山时聪真 菅田将晖
35575567,沙丘2,,https://dou.img.lithub.cc/movie/35575567.jpg,2024-03-08(中国大陆),https://movie.douban.com/subject/35575567/,8.2,"剧情,动作,科幻",4,节奏飞快，开战咯,,2024-03-24 19:07:34,2024 / 美国 加拿大 / 剧情 动作 科幻 冒险 / 丹尼斯·维伦纽瓦 / 提莫西·查拉梅 赞达亚
35736202,狗神,,https://dou.img.lithub.cc/movie/35736202.jpg,2023-12-15(中国大陆),https://movie.douban.com/subject/35736202/,8.1,剧情,4,god，dog！,,2024-02-22 09:28:03,2023 / 法国 美国 / 剧情 / 吕克·贝松 / 卡莱伯·兰德里·琼斯 克里斯托弗·邓汉
36369452,飞驰人生2,,https://dou.img.lithub.cc/movie/36369452.jpg,2024-02-10(中国大陆),https://movie.douban.com/subject/36369452/,7.6,"剧情,喜剧,运动",4,飞吧,,2024-02-22 09:26:35,2024 / 中国大陆 / 剧情 喜剧 运动 / 韩寒 / 沈腾 范丞丞
35991840,死期将至,,https://dou.img.lithub.cc/movie/35991840.jpg,2023-12-15(韩国),https://movie.douban.com/subject/35991840/,8.3,"悬疑,奇幻",4,,,2024-02-14 20:34:21,2023 / 韩国 / 悬疑 奇幻 / 河炳勋 / 徐仁国 朴素丹
35321446,大江大河之岁月如歌,,https://dou.img.lithub.cc/movie/35321446.jpg,2024-01-08(中国大陆),https://movie.douban.com/subject/35321446/,8,剧情,3,,,2024-02-12 19:15:32,2024 / 中国大陆 / 剧情 / 孔笙 孙墨龙 刘洪源 / 王凯 杨烁
36174946,杀人者的购物中心,,https://dou.img.lithub.cc/movie/36174946.jpg,2024-01-17(韩国),https://movie.douban.com/subject/36174946/,7.3,"剧情,动作,悬疑",3,,,2024-02-12 19:13:40,2024 / 韩国 / 剧情 动作 悬疑 惊悚 / 李权 卢圭烨 / 李栋旭 金慧埈
36081094,热辣滚烫,,https://dou.img.lithub.cc/movie/36081094.jpg,2024-02-10(中国大陆),https://movie.douban.com/subject/36081094/,7.6,"剧情,喜剧",4,不好看，但敬佩,,2024-02-12 16:48:25,2024 / 中国大陆 / 剧情 喜剧 / 贾玲 / 贾玲 雷佳音
35712804,首尔之春,,https://dou.img.lithub.cc/movie/35712804.jpg,2023-11-22(韩国),https://movie.douban.com/subject/35712804/,8.8,剧情,4,,,2024-02-10 22:57:19,2023 / 韩国 / 剧情 / 金成洙 / 黄政民 郑雨盛
35725869,年会不能停！,,https://dou.img.lithub.cc/movie/35725869.jpg,2023-12-29(中国大陆),https://movie.douban.com/subject/35725869/,8.1,"剧情,喜剧",4,最后rap嗨,,2024-02-07 15:41:59,2023 / 中国大陆 / 剧情 喜剧 / 董润年 / 大鹏 白客
35693512,绝境盟约,,https://dou.img.lithub.cc/movie/35693512.jpg,2023-09-09(威尼斯电影节),https://movie.douban.com/subject/35693512/,7.6,"剧情,惊悚,历史",2,,,2024-01-07 20:56:18,2023 / 西班牙 智利 乌拉圭 美国 / 剧情 惊悚 历史 冒险 / J·A·巴亚纳 / 恩佐·沃格里西奇 奥古斯汀·帕德拉
34874646,繁花,,https://dou.img.lithub.cc/movie/34874646.jpg,2023-12-27(中国大陆),https://movie.douban.com/subject/34874646/,8.7,"剧情,爱情",5,大上海,,2024-01-01 10:17:01,2023 / 中国大陆 / 剧情 爱情 / 王家卫 / 胡歌 马伊琍
4164444,127小时,,https://dou.img.lithub.cc/movie/4164444.jpg,2010-11-05(美国),https://movie.douban.com/subject/4164444/,8.1,"剧情,传记,冒险",4,,,2023-12-24 17:06:41,2010 / 美国 英国 / 剧情 传记 冒险 / 丹尼·博伊尔 / 詹姆斯·弗兰科 丽兹·卡潘
36686523,我的美食向导,,https://dou.img.lithub.cc/movie/36686523.jpg,2023-12-23(中国大陆),https://movie.douban.com/subject/36686523/,8.4,纪录片,2,弃,,2023-12-24 10:45:56,2023 / 中国大陆 / 纪录片 / 陈晓卿 / 陈晓卿
36178641,三大队,,https://dou.img.lithub.cc/movie/36178641.jpg,2023-12-21(中国大陆),https://movie.douban.com/subject/36178641/,7.1,"动作,悬疑,犯罪",3,还行吧,,2023-12-23 09:28:10,2023 / 中国大陆 / 动作 悬疑 犯罪 / 邢键钧 / 秦昊 李乃文
35256092,河边的错误,,https://dou.img.lithub.cc/movie/35256092.jpg,2023-10-21(中国大陆),https://movie.douban.com/subject/35256092/,7.2,"剧情,犯罪",3,说明白一点呗，看着累,,2023-12-21 19:08:25,2023 / 中国大陆 / 剧情 犯罪 / 魏书钧 / 朱一龙 曾美慧孜
36538847,泰勒·斯威夫特：时代巡回演唱会,,https://dou.img.lithub.cc/movie/36538847.jpg,2023-12-31(中国大陆),https://movie.douban.com/subject/36538847/,9.3,"纪录片,音乐,歌舞",5,洋气！,,2023-12-19 23:31:11,2023 / 美国 / 纪录片 音乐 歌舞 真人秀 / 萨姆·伦奇 / 泰勒·斯威夫特 阿曼达·巴伦
35633650,坠落的审判,,https://dou.img.lithub.cc/movie/35633650.jpg,2024-03-29(中国大陆),https://movie.douban.com/subject/35633650/,8.7,"剧情,家庭",4,男的离不开女的，但发现女的可以没有这男的，所以？,,2023-12-18 23:26:15,2023 / 法国 / 剧情 家庭 / 茹斯汀·特里耶 / 桑德拉·惠勒 斯万·阿劳德
36140095,新闻女王,,https://dou.img.lithub.cc/movie/36140095.jpg,2023-11-17(中国大陆),https://movie.douban.com/subject/36140095/,7.8,剧情,4,李施嬅更耐看呢,,2023-12-10 14:41:34,2023 / 中国香港 中国大陆 / 剧情 / 陈海斌 姜振杰 / 佘诗曼 马国明
33456512,涉过愤怒的海,,https://dou.img.lithub.cc/movie/33456512.jpg,2023-11-25(中国大陆),https://movie.douban.com/subject/33456512/,7.2,"剧情,悬疑,犯罪",1,杠过用力刚猛的表演，哦，还被教育。,,2023-12-06 22:32:21,2023 / 中国大陆 / 剧情 悬疑 犯罪 / 曹保平 / 黄渤 周迅
25890005,山河故人,,https://dou.img.lithub.cc/movie/25890005.jpg,2015-10-30(中国大陆),https://movie.douban.com/subject/25890005/,8.1,"剧情,家庭",4,,,2023-12-02 23:07:10,2015 / 中国大陆 法国 日本 / 剧情 家庭 / 贾樟柯 / 赵涛 张译
35876202,非法正义,,https://dou.img.lithub.cc/movie/35876202.jpg,2023-11-08(韩国),https://movie.douban.com/subject/35876202/,7.6,"剧情,动作,惊悚",3,韩爽剧，有点审美疲劳,,2023-12-02 16:50:11,2023 / 韩国 / 剧情 动作 惊悚 犯罪 / 崔正烈 / 南柱赫 李浚赫
35932858,拾荒者统治,,https://dou.img.lithub.cc/movie/35932858.jpg,2023-10-19(美国),https://movie.douban.com/subject/35932858/,9.2,"剧情,科幻,动画",5,异想天开，引人思考，人与人，人与自然的关系,,2023-11-22 15:38:27,2023 / 美国 / 剧情 科幻 动画 冒险 / 约瑟夫·本奈特 查尔斯·胡特纳 文森特·徐 雷切尔·里德 克里斯汀·洁恩·申 迭戈·波拉尔 乔纳森·德乔布·恩孔多 / 苏妮特·玛尼 乌米·马萨库
35593344,奥本海默,,https://dou.img.lithub.cc/movie/35593344.jpg,2023-08-30(中国大陆),https://movie.douban.com/subject/35593344/,8.8,"剧情,传记,历史",5,人存在本身就是一个“悖论”,,2023-11-15 20:18:56,2023 / 美国 英国 / 剧情 传记 历史 / 克里斯托弗·诺兰 / 基里安·墨菲 艾米莉·布朗特
35410323,国民死刑投票,,https://dou.img.lithub.cc/movie/35410323.jpg,2023-08-10(韩国),https://movie.douban.com/subject/35410323/,6.7,"剧情,惊悚",3,,,2023-11-11 08:37:05,2023 / 韩国 / 剧情 惊悚 / 朴信宇 / 朴海镇 朴成雄
35765480,八角笼中,,https://dou.img.lithub.cc/movie/35765480.jpg,2023-07-06(中国大陆),https://movie.douban.com/subject/35765480/,7.3,"剧情,动作",2,,,2023-10-21 22:24:28,2023 / 中国大陆 / 剧情 动作 / 王宝强 / 王宝强 陈永胜
30454682,自由之声,,https://dou.img.lithub.cc/movie/30454682.jpg,2023-07-04(美国),https://movie.douban.com/subject/30454682/,7.8,"动作,传记,犯罪",3,,,2023-10-21 22:23:45,2023 / 美国 / 动作 传记 犯罪 / 亚历杭德罗·戈麦斯·蒙特维尔德 / 吉姆·卡维泽 比尔·坎普
36358109,再见爱人 第三季,,https://dou.img.lithub.cc/movie/36358109.jpg,2023-09-04(中国大陆),https://movie.douban.com/subject/36358109/,7.1,真人秀,4,当风光片看，五星！,,2023-10-21 15:23:53,2023 / 中国大陆 / 真人秀 / 刘乐 涂涵 / 胡彦斌 孙怡
33447633,坚如磐石,,https://dou.img.lithub.cc/movie/33447633.jpg,2023-09-28(中国大陆),https://movie.douban.com/subject/33447633/,6,"剧情,动作,犯罪",2,然后呢？,,2023-10-04 16:10:56,2023 / 中国大陆 / 剧情 动作 犯罪 / 张艺谋 / 雷佳音 张国立
35206436,超异能族,,https://dou.img.lithub.cc/movie/35206436.jpg,2023-08-09(韩国),https://movie.douban.com/subject/35206436/,8.9,"动作,爱情,悬疑",4,,,2023-10-04 15:53:58,2023 / 韩国 / 动作 爱情 悬疑 奇幻 / 朴仁载 朴允书 / 柳承龙 韩孝周
35901878,疯狂元素城,,https://dou.img.lithub.cc/movie/35901878.jpg,2023-06-16(美国/中国大陆),https://movie.douban.com/subject/35901878/,7,"剧情,喜剧,科幻",5,现代童话，虽模式化,,2023-09-10 16:00:09,2023 / 美国 / 剧情 喜剧 科幻 动画 奇幻 冒险 / 彼得·孙 / 莉娅·刘易斯 马莫多·阿西
35733431,不要见怪,,https://dou.img.lithub.cc/movie/35733431.jpg,2023-06-15(中国香港),https://movie.douban.com/subject/35733431/,6.5,"喜剧,爱情",2,海里那场，哦，吓着小弟,,2023-09-10 15:59:31,2023 / 美国 / 喜剧 爱情 / 吉恩·斯图普尼兹基 / 詹妮弗·劳伦斯 安德鲁·巴特·费尔德曼
34963356,过往人生,,https://dou.img.lithub.cc/movie/34963356.jpg,2023-01-21(圣丹斯电影节),https://movie.douban.com/subject/34963356/,7.7,"剧情,爱情",4,淡淡的回忆,,2023-09-10 15:58:26,2023 / 美国 韩国 / 剧情 爱情 / 席琳·宋 / 格蕾塔·李 刘台午
35587662,装腔启示录,,https://dou.img.lithub.cc/movie/35587662.jpg,2023-08-18(中国大陆),https://movie.douban.com/subject/35587662/,8.1,"剧情,爱情",5,难得不作剧,,2023-09-10 15:55:40,2023 / 中国大陆 / 剧情 爱情 / 李漠 / 蔡文静 韩东君
36253896,十三邀 第七季,,https://dou.img.lithub.cc/movie/36253896.jpg,2023-03-01(中国大陆),https://movie.douban.com/subject/36253896/,9.4,脱口秀,5,,,2023-09-03 14:27:15,2023 / 中国大陆 / 脱口秀 / 许知远 蔡皋
36212784,别班,,https://dou.img.lithub.cc/movie/36212784.jpg,2023-07-16(日本),https://movie.douban.com/subject/36212784/,6.6,剧情,2,好乱,,2023-08-25 15:57:32,2023 / 日本 / 剧情 / 福泽克雄 / 堺雅人 阿部宽
35681326,假面女郎,,https://dou.img.lithub.cc/movie/35681326.jpg,2023-08-18(韩国),https://movie.douban.com/subject/35681326/,7.4,"喜剧,惊悚,犯罪",4,大爱黑白片段,,2023-08-21 08:04:03,2023 / 韩国 / 喜剧 惊悚 犯罪 / 金容勋 / 高贤贞 林珍娜
35013359,扫毒3：人在天涯,,https://dou.img.lithub.cc/movie/35013359.jpg,2023-07-06(中国大陆),https://movie.douban.com/subject/35013359/,5.5,"剧情,动作,犯罪",2,被台词笑到。,,2023-08-14 00:20:50,2023 / 中国大陆 中国香港 / 剧情 动作 犯罪 / 邱礼涛 / 刘青云 古天乐
35698284,关于我和鬼变成家人的那件事,,https://dou.img.lithub.cc/movie/35698284.jpg,2023-02-10(中国台湾),https://movie.douban.com/subject/35698284/,8.1,"喜剧,悬疑,同性",4,伟豪渣得好！,,2023-08-13 00:28:34,2022 / 中国台湾 / 喜剧 悬疑 同性 奇幻 / 程伟豪 / 许光汉 林柏宏
30325398,锵锵行天下 第一季,,https://dou.img.lithub.cc/movie/30325398.jpg,2018-09-16(中国大陆),https://movie.douban.com/subject/30325398/,9.1,脱口秀,5,世界那么大，值得出去看一看。,,2023-08-06 23:26:21,2018 / 中国大陆 / 脱口秀 / 温姬彦 苏雷 李丹彪 / 窦文涛 许子东
36424353,海妖的呼唤：火之岛生存战,,https://dou.img.lithub.cc/movie/36424353.jpg,2023-05-30(韩国),https://movie.douban.com/subject/36424353/,9.5,真人秀,5,只有敬佩！,,2023-08-03 23:32:08,2023 / 韩国 / 真人秀 / 李恩京 / 金贤娥 郑珉先
35876191,欢迎来到王之国,,https://dou.img.lithub.cc/movie/35876191.jpg,2023-06-17(韩国),https://movie.douban.com/subject/35876191/,6.5,"喜剧,爱情",4,哎哟，这撒娇，伐得聊！,,2023-07-28 21:07:44,2023 / 韩国 / 喜剧 爱情 / 林贤旭 / 李俊昊 林允儿
35524438,命案,,https://dou.img.lithub.cc/movie/35524438.jpg,2023-04-20(中国香港),https://movie.douban.com/subject/35524438/,7.2,"剧情,犯罪",2,被教育,,2023-07-28 11:01:20,2023 / 中国香港 / 剧情 犯罪 / 郑保瑞 / 林家栋 杨乐文
35705832,八尺门的辩护人,,https://dou.img.lithub.cc/movie/35705832.jpg,2023-07-02(中国台湾),https://movie.douban.com/subject/35705832/,8.7,"剧情,悬疑",4,所以，最后还是sha了？,,2023-07-26 12:55:43,2023 / 中国台湾 / 剧情 悬疑 / 唐福睿 / 李铭顺 范逸臣
35724630,恶鬼,,https://dou.img.lithub.cc/movie/35724630.jpg,2023-06-23(韩国),https://movie.douban.com/subject/35724630/,7.8,"悬疑,惊悚",4,,,2023-07-24 11:03:51,2023 / 韩国 / 悬疑 惊悚 / 李正林 / 金泰梨 吴正世
35056376,惊天营救2,,https://dou.img.lithub.cc/movie/35056376.jpg,2023-06-16(美国网络),https://movie.douban.com/subject/35056376/,7.4,"动作,惊悚",3,黑帮有点菜,,2023-07-22 15:47:23,2023 / 美国 / 动作 惊悚 / 山姆·哈格雷夫 / 克里斯·海姆斯沃斯 格什菲·法拉哈尼
35813934,东北警察故事2,,https://dou.img.lithub.cc/movie/35813934.jpg,2023-07-08(中国大陆网络),https://movie.douban.com/subject/35813934/,7.2,"剧情,动作,犯罪",4,拳拳到肉！,,2023-07-21 08:28:36,2023 / 中国大陆 / 剧情 动作 犯罪 / 秦鹏飞 杨秉佳 / 谢苗 张皓森
35312421,鲸,,https://dou.img.lithub.cc/movie/35312421.jpg,2022-09-04(威尼斯电影节),https://movie.douban.com/subject/35312421/,7.9,"剧情,同性",4,女儿是生命最后的一道曙光,,2023-07-11 09:53:57,2022 / 美国 / 剧情 同性 / 达伦·阿伦诺夫斯基 / 布兰登·费舍 萨迪·辛克
35807273,犯罪都市3,,https://dou.img.lithub.cc/movie/35807273.jpg,2023-05-31(韩国),https://movie.douban.com/subject/35807273/,6.5,"动作,犯罪",3,配个啤酒，流水片,,2023-07-07 09:15:11,2023 / 韩国 / 动作 犯罪 / 李相龙 / 马东锡 李浚赫
35468745,末日地堡 第一季,,https://dou.img.lithub.cc/movie/35468745.jpg,2023-05-05(美国),https://movie.douban.com/subject/35468745/,7.8,"剧情,科幻",4,额，10集开了个头！,,2023-07-06 21:51:21,2023 / 美国 / 剧情 科幻 / 莫滕·泰杜姆 / 丽贝卡·弗格森 大卫·奥伊罗
35660795,消失的她,,https://dou.img.lithub.cc/movie/35660795.jpg,2023-06-22(中国大陆),https://movie.douban.com/subject/35660795/,6.1,"悬疑,犯罪",3,嗨剧，被倪妮惊艳,,2023-07-01 07:56:40,2022 / 中国大陆 / 悬疑 犯罪 / 崔睿 刘翔 / 朱一龙 倪妮
35481689,猎犬,,https://dou.img.lithub.cc/movie/35481689.jpg,2023-06-09(韩国),https://movie.douban.com/subject/35481689/,6.8,"剧情,动作,惊悚",3,,,2023-06-23 01:09:58,2023 / 韩国 / 剧情 动作 惊悚 犯罪 运动 / 金周焕 / 禹棹焕 崔始源
35901863,黑镜 第六季,,https://dou.img.lithub.cc/movie/35901863.jpg,2023-06-15(美国),https://movie.douban.com/subject/35901863/,7.1,"剧情,科幻,悬疑",4,黑到什么程度，看就是,,2023-06-18 13:45:04,2023 / 美国 / 剧情 科幻 悬疑 惊悚 / 阿丽·潘基乌 萨姆·米勒 约翰·克劳利 乌塔·布里兹维茨 托比·海恩斯 / 安妮·墨菲 萨尔玛·海耶克
27305997,椒麻堂会,,https://dou.img.lithub.cc/movie/27305997.jpg,2021-08-13(洛迦诺国际电影节),https://movie.douban.com/subject/27305997/,8.6,剧情,4,能看到就是幸运。,,2023-06-10 22:58:00,2021 / 中国香港 法国 / 剧情 / 邱炯炯 / 易思成 陈浩宇
34941536,宇宙探索编辑部,,https://dou.img.lithub.cc/movie/34941536.jpg,2023-04-01(中国大陆),https://movie.douban.com/subject/34941536/,8,"喜剧,科幻",2,充满幻象与隐喻，没怎么懂,,2023-05-13 15:40:11,2021 / 中国大陆 / 喜剧 科幻 / 孔大山 / 杨皓宇 艾丽娅
35588177,漫长的季节,,https://dou.img.lithub.cc/movie/35588177.jpg,2023-04-22(中国大陆),https://movie.douban.com/subject/35588177/,9.4,"剧情,家庭,犯罪",5,苦,,2023-05-02 23:15:44,2023 / 中国大陆 / 剧情 家庭 犯罪 / 辛爽 / 范伟 秦昊
36053200,锵锵行天下 第三季,,https://dou.img.lithub.cc/movie/36053200.jpg,2023-03-09(中国大陆),https://movie.douban.com/subject/36053200/,9.4,脱口秀,4,文化一直都在,,2023-04-08 13:05:31,2023 / 中国大陆 / 脱口秀 / 窦文涛 / 窦文涛 许子东
35521951,杀死福顺,,https://dou.img.lithub.cc/movie/35521951.jpg,2023-02-18(柏林国际电影节),https://movie.douban.com/subject/35521951/,6.7,"动作,惊悚",3,,,2023-04-05 13:38:18,2023 / 韩国 / 动作 惊悚 / 边圣铉 / 全度妍 李絮
35651927,模仿犯,,https://dou.img.lithub.cc/movie/35651927.jpg,2023-03-31(中国台湾),https://movie.douban.com/subject/35651927/,7.4,"剧情,悬疑,犯罪",3,,,2023-04-04 17:47:09,2023 / 中国台湾 / 剧情 悬疑 犯罪 / 张荣吉 张亨如 / 吴慷仁 柯佳嬿
35873870,他是谁,,https://dou.img.lithub.cc/movie/35873870.jpg,2023-03-14(中国大陆),https://movie.douban.com/subject/35873870/,5.6,"剧情,悬疑,犯罪",2,他是谁，谁关心,,2023-04-04 17:46:53,2023 / 中国大陆 / 剧情 悬疑 犯罪 / 鲍成志 / 张译 陈雨锶
35203206,虽然只是弄丢了手机,,https://dou.img.lithub.cc/movie/35203206.jpg,2023-02-17(韩国网络),https://movie.douban.com/subject/35203206/,6.4,"剧情,悬疑,惊悚",2,杀手就这么GG啦？,,2023-02-21 19:20:35,2023 / 韩国 / 剧情 悬疑 惊悚 / 金泰俊 / 任时完 千玗嬉
35891669,我在岛屿读书,,https://dou.img.lithub.cc/movie/35891669.jpg,2022-11-10(中国大陆),https://movie.douban.com/subject/35891669/,9.1,真人秀,5,经典书的前提是常销书。,,2023-02-17 23:22:52,2022 / 中国大陆 / 真人秀 / 余华 苏童
35244291,命定之人,,https://dou.img.lithub.cc/movie/35244291.jpg,2022-11-18(韩国),https://movie.douban.com/subject/35244291/,7.1,"悬疑,惊悚",3,倚门说，我想要。,,2023-02-17 21:02:26,2022 / 韩国 / 悬疑 惊悚 / 郑址宇 / 金英光 姜海琳
26647087,三体,,https://dou.img.lithub.cc/movie/26647087.jpg,2023-01-15(中国大陆),https://movie.douban.com/subject/26647087/,8.7,"剧情,科幻",5,用心了！,,2023-02-11 21:22:33,2023 / 中国大陆 / 剧情 科幻 / 杨磊 / 张鲁一 于和伟
35314632,黑暗荣耀,,https://dou.img.lithub.cc/movie/35314632.jpg,2022-12-30(韩国),https://movie.douban.com/subject/35314632/,8.9,剧情,4,,,2023-02-02 14:33:43,2022 / 韩国 / 剧情 / 安吉镐 / 宋慧乔 李到晛
35674355,中国奇谭,,https://dou.img.lithub.cc/movie/35674355.jpg,2023-01-01(中国大陆),https://movie.douban.com/subject/35674355/,8.7,"动画,短片,奇幻",5,当代寓言,,2023-02-02 14:33:16,2023 / 中国大陆 / 动画 短片 奇幻 / 陈廖宇 於水 胡睿 杨木 刘毛宁 陈莲华 周小琳 潘斌 顾杨 刘旷 徐宁
35267208,流浪地球2,,https://dou.img.lithub.cc/movie/35267208.jpg,2023-01-22(中国大陆),https://movie.douban.com/subject/35267208/,8.3,"科幻,冒险,灾难",5,抛开主题，为特效打工人打满分,,2023-02-02 14:31:11,2023 / 中国大陆 / 科幻 冒险 灾难 / 郭帆 / 吴京 刘德华
35465232,狂飙,,https://dou.img.lithub.cc/movie/35465232.jpg,2023-01-14(中国大陆),https://movie.douban.com/subject/35465232/,8.5,"剧情,犯罪",4,现实可没那么美好,,2023-02-02 14:30:29,2023 / 中国大陆 / 剧情 犯罪 / 徐纪周 / 张译 张颂文
35662223,去有风的地方,,https://dou.img.lithub.cc/movie/35662223.jpg,2023-01-03(中国大陆),https://movie.douban.com/subject/35662223/,8.7,"剧情,爱情",4,不论剧情，论发量和脸蛋！,,2023-01-07 16:29:47,2023 / 中国大陆 / 剧情 爱情 / 丁梓光 / 刘亦菲 李现
35875029,我们民谣2022,,https://dou.img.lithub.cc/movie/35875029.jpg,2022-12-23(中国大陆),https://movie.douban.com/subject/35875029/,7.6,"音乐,真人秀",4,,,2022-12-26 00:07:13,2022 / 中国大陆 / 音乐 真人秀 / 姜滨 / 李宇春 张亚东
35814636,塔尔萨之王 第一季,,https://dou.img.lithub.cc/movie/35814636.jpg,2022-11-13(美国),https://movie.douban.com/subject/35814636/,8.4,"剧情,犯罪",4,,,2022-12-19 16:30:16,2022 / 美国 / 剧情 犯罪 / 本杰明·塞曼诺夫 艾伦·考特勒 / 西尔维斯特·史泰龙 加内特·赫德兰
30291070,财阀家的小儿子,,https://dou.img.lithub.cc/movie/30291070.jpg,2022-11-18(韩国),https://movie.douban.com/subject/30291070/,7.1,"剧情,爱情,奇幻",4,,,2022-12-19 16:29:52,2022 / 韩国 / 剧情 爱情 奇幻 / 郑大允 / 宋仲基 李星民
34444648,三体,,https://dou.img.lithub.cc/movie/34444648.jpg,2022-12-10(中国大陆),https://movie.douban.com/subject/34444648/,3.7,"剧情,科幻,动画",2,,,2022-12-19 16:29:35,2022 / 中国大陆 / 剧情 科幻 动画 / 林铭浩 / 马正阳 范哲琛
26654184,万里归途,,https://dou.img.lithub.cc/movie/26654184.jpg,2022-09-30(中国大陆),https://movie.douban.com/subject/26654184/,7.2,"剧情,战争",3,,,2022-12-19 16:28:43,2022 / 中国大陆 / 剧情 战争 / 饶晓志 / 张译 王俊凯
6011805,一九四二,,https://dou.img.lithub.cc/movie/6011805.jpg,2012-11-29(中国大陆),https://movie.douban.com/subject/6011805/,8.2,"剧情,历史,战争",4,,,2022-12-19 16:28:01,2012 / 中国大陆 / 剧情 历史 战争 灾难 / 冯小刚 / 张国立 张默
35161592,风吹半夏,,https://dou.img.lithub.cc/movie/35161592.jpg,2022-11-27(中国大陆),https://movie.douban.com/subject/35161592/,8.2,"剧情,爱情",4,80年代、90年代，热气腾腾。,,2022-12-10 09:54:44,2022 / 中国大陆 / 剧情 爱情 / 傅东育 毛溦 / 赵丽颖 欧豪
35441582,6/45,,https://dou.img.lithub.cc/movie/35441582.jpg,2022-08-24(韩国),https://movie.douban.com/subject/35441582/,7.6,"剧情,喜剧",4,,,2022-12-08 22:23:13,2022 / 韩国 / 剧情 喜剧 / 朴奎泰 / 高庚杓 李伊庚
30378843,1899,,https://dou.img.lithub.cc/movie/30378843.jpg,2022-11-17(德国),https://movie.douban.com/subject/30378843/,6.7,"剧情,科幻,悬疑",2,什么玩意儿，自个儿玩自个儿？,,2022-11-19 23:19:19,2022 / 德国 美国 / 剧情 科幻 悬疑 恐怖 / 巴伦·博·欧达尔 / 艾米丽·比查姆 阿奈林·巴纳德
35652715,杰伊·比姆,,https://dou.img.lithub.cc/movie/35652715.jpg,2021-11-02(印度),https://movie.douban.com/subject/35652715/,8.7,"剧情,犯罪",5,这，如此显然的诬陷，竟然盛行！,,2022-08-23 10:12:03,2021 / 印度 / 剧情 犯罪 / 塔·塞·纳纳维尔 / 苏利耶·西瓦库马 Lijo Mol Jose
30267287,犯罪都市2,,https://dou.img.lithub.cc/movie/30267287.jpg,2022-05-18(韩国),https://movie.douban.com/subject/30267287/,7.5,"动作,犯罪",3,走过去，拿走凶器！,,2022-08-22 19:58:42,2022 / 韩国 / 动作 犯罪 / 李相龙 / 马东锡 孙锡久
6893932,壮志凌云2：独行侠,,https://dou.img.lithub.cc/movie/6893932.jpg,2022-05-18(戛纳电影节),https://movie.douban.com/subject/6893932/,8,动作,4,爽片，爽就对了！,,2022-08-22 19:58:06,2022 / 美国 中国大陆 / 动作 / 约瑟夫·科辛斯基 / 汤姆·克鲁斯 詹妮弗·康纳利
35056243,十三条命,,https://dou.img.lithub.cc/movie/35056243.jpg,2022-07-29(美国),https://movie.douban.com/subject/35056243/,8.5,"剧情,惊悚,传记",4,,,2022-08-22 19:57:40,2022 / 美国 加拿大 英国 / 剧情 惊悚 传记 / 朗·霍华德 / 维果·莫腾森 科林·法瑞尔
35042913,西部世界 第四季,,https://dou.img.lithub.cc/movie/35042913.jpg,2022-06-26(美国),https://movie.douban.com/subject/35042913/,7.8,"剧情,科幻,悬疑",5,等最后一集,,2022-08-08 22:58:10,2022 / 美国 / 剧情 科幻 悬疑 / 克雷格·麦克尼尔 理查德·J·刘易斯 保罗·卡梅隆 汉内尔 M.卡普珀 蜜拉·梅农 安德鲁·塞克利尔 / 埃文·蕾切尔·伍德 坦迪·牛顿
35882880,宿敌,,https://dou.img.lithub.cc/movie/35882880.jpg,2022-04-28(印度),https://movie.douban.com/subject/35882880/,8.5,剧情,4,,,2022-08-05 22:12:27,2022 / 印度 / 剧情 / Dijo Jose Antony / 普利特维拉吉·苏库玛兰 玛玛塔·莫汉达斯
35374060,救命卡特,,https://dou.img.lithub.cc/movie/35374060.jpg,2022-08-05(韩国网络),https://movie.douban.com/subject/35374060/,5.5,"动作,惊悚",1,要吐，生理的吐,,2022-08-05 22:03:54,2022 / 韩国 / 动作 惊悚 / 郑秉吉 / 周元 李成宰
35524221,绝命空间站,,https://dou.img.lithub.cc/movie/35524221.jpg,2022-07-01(美国),https://movie.douban.com/subject/35524221/,4.8,"科幻,惊悚",1,什么？,,2022-08-05 21:55:13,2022 / 奥地利 / 科幻 惊悚 / Magdalena Lauritsch / Julia Franz Richter 乔治·布莱顿
34603375,史前星球 第一季,,https://dou.img.lithub.cc/movie/34603375.jpg,2022-05-23(美国),https://movie.douban.com/subject/34603375/,9.3,"动画,纪录片,历史",5,好看之后的无限崇敬！,,2022-08-05 16:15:11,2022 / 美国 英国 / 动画 纪录片 历史 / 亚当·瓦德兹 安德鲁·R·琼斯 / 大卫·爱登堡
30443443,生化危机,,https://dou.img.lithub.cc/movie/30443443.jpg,2022-07-14(美国),https://movie.douban.com/subject/30443443/,4.3,"动作,科幻,惊悚",1,这是啥？,,2022-08-01 20:22:41,2022 / 美国 / 动作 科幻 惊悚 恐怖 / 蕾切尔·高德伯格 布朗温·休斯 罗布·西登格兰茨 巴坦·席尔瓦 / 埃拉·巴林斯卡 兰斯·莱迪克
30155209,双重幻想,,https://dou.img.lithub.cc/movie/30155209.jpg,2018-06-16(日本),https://movie.douban.com/subject/30155209/,7.7,剧情,4,代入感强,,2022-08-01 20:21:56,2018 / 日本 / 剧情 / 御法川修 / 水川麻美 田中圭
1309059,艺伎回忆录,,https://dou.img.lithub.cc/movie/1309059.jpg,2005-12-10(日本),https://movie.douban.com/subject/1309059/,7.6,"剧情,爱情",3,小白合,,2022-07-20 09:07:59,2005 / 美国 / 剧情 爱情 / 罗伯·马歇尔 / 章子怡 渡边谦
34850561,咒,,https://dou.img.lithub.cc/movie/34850561.jpg,2022-03-18(中国台湾),https://movie.douban.com/subject/34850561/,6.9,恐怖,2,黑底白色后的纯白高亮，眼瞎！,,2022-07-09 11:24:06,2022 / 中国台湾 / 恐怖 / 柯孟融 / 蔡亘晏 黄歆庭
34963448,终极名单 第一季,,https://dou.img.lithub.cc/movie/34963448.jpg,2022-07-01(美国),https://movie.douban.com/subject/34963448/,8.3,"动作,惊悚",5,赤果果的打工仔复仇记,,2022-07-07 19:48:03,2022 / 美国 / 动作 惊悚 / 弗雷德·托耶 西尔维恩·怀特 迈克尔·巴塞特 安东尼·福奎阿 / 克里斯·帕拉特 吴恬敏
30451909,蜘蛛头,,https://dou.img.lithub.cc/movie/30451909.jpg,2022-06-17(美国网络),https://movie.douban.com/subject/30451909/,4.9,"科幻,惊悚,犯罪",2,,,2022-06-18 08:48:36,2022 / 美国 / 科幻 惊悚 犯罪 / 约瑟夫·科辛斯基 / 克里斯·海姆斯沃斯 迈尔斯·特勒
3711760,倩女幽魂,,https://dou.img.lithub.cc/movie/3711760.jpg,2011-04-19(中国大陆),https://movie.douban.com/subject/3711760/,5.5,"剧情,惊悚,奇幻",3,,,2022-06-11 08:35:22,2011 / 中国大陆 中国香港 / 剧情 惊悚 奇幻 古装 / 叶伟信 / 刘亦菲 古天乐
35809022,回到太空,,https://dou.img.lithub.cc/movie/35809022.jpg,2022-04-07(美国),https://movie.douban.com/subject/35809022/,8.6,纪录片,5,成了，还故意爆炸收集数据！,,2022-05-17 20:33:49,2022 / 美国 / 纪录片 / 伊丽莎白·柴·瓦沙瑞莉 金国威 / 伊隆·马斯克
34885342,人生切割术 第一季,,https://dou.img.lithub.cc/movie/34885342.jpg,2022-02-18(美国),https://movie.douban.com/subject/34885342/,9.1,"剧情,科幻,悬疑",4,恐！,,2022-05-17 20:32:52,2022 / 美国 / 剧情 科幻 悬疑 惊悚 / 本·斯蒂勒 伊费·麦卡德尔 / 亚当·斯科特 扎克·切利
1302425,喜剧之王,,https://dou.img.lithub.cc/movie/1302425.jpg,1999-02-13(中国香港),https://movie.douban.com/subject/1302425/,8.8,"剧情,喜剧,爱情",5,努力，奋斗…（飘飘）,,2022-05-01 11:02:02,1999 / 中国香港 / 剧情 喜剧 爱情 / 周星驰 李力持 / 周星驰 张柏芝
35206186,诡扯,,https://dou.img.lithub.cc/movie/35206186.jpg,2021-11-12(中国台湾),https://movie.douban.com/subject/35206186/,6.8,"喜剧,恐怖",3,别认真，看看而已,,2022-04-15 20:47:23,2021 / 中国台湾 / 喜剧 恐怖 / 许富翔 / 陈柏霖 陈以文
26334993,科比的缪斯,,https://dou.img.lithub.cc/movie/26334993.jpg,2015-02-21(美国),https://movie.douban.com/subject/26334993/,9.2,"纪录片,传记,运动",5,太遗憾,,2022-04-15 16:07:10,2015 / 美国 / 纪录片 传记 运动 / Gotham Chopra / 科比·布莱恩特 凡妮莎·莱茵·布莱恩特
34810452,一人露营,,https://dou.img.lithub.cc/movie/34810452.jpg,2019-10-18(日本),https://movie.douban.com/subject/34810452/,8.4,剧情,4,配合宵夜最适宜,,2022-04-05 08:24:51,2019 / 日本 / 剧情 / 横滨聪子 富永昌敬 / 三浦贵大 夏帆
35307437,猎罪图鉴,,https://dou.img.lithub.cc/movie/35307437.jpg,2022-03-06(中国大陆),https://movie.douban.com/subject/35307437/,7.6,"悬疑,犯罪",3,所以，那个女的是？,,2022-04-02 22:42:08,2022 / 中国大陆 / 悬疑 犯罪 / 邢键钧 / 檀健次 金世佳
35215390,狙击手,,https://dou.img.lithub.cc/movie/35215390.jpg,2022-02-01(中国大陆),https://movie.douban.com/subject/35215390/,7.7,"剧情,历史,战争",4,太难了,,2022-04-02 22:39:38,2022 / 中国大陆 / 剧情 历史 战争 / 张艺谋 张末 / 陈永胜 章宇
30481476,国王理查德,,https://dou.img.lithub.cc/movie/30481476.jpg,2021-09-02(特柳赖德电影节),https://movie.douban.com/subject/30481476/,7.4,"剧情,传记,运动",3,真实事件,,2022-03-31 19:41:45,2021 / 美国 / 剧情 传记 运动 / 雷纳尔多·马库斯·格林 / 威尔·史密斯 黛米·辛格顿
26825482,月球陨落,,https://dou.img.lithub.cc/movie/26825482.jpg,2022-03-25(中国大陆),https://movie.douban.com/subject/26825482/,5.2,"科幻,灾难",2,这CG好熟悉,,2022-03-31 19:37:01,2022 / 美国 中国大陆 英国 / 科幻 灾难 / 罗兰·艾默里奇 / 哈莉·贝瑞 帕特里克·威尔森
34953719,黑匣子,,https://dou.img.lithub.cc/movie/34953719.jpg,2020-11-08(阿拉斯电影节),https://movie.douban.com/subject/34953719/,7.6,"剧情,悬疑,惊悚",4,,,2022-03-23 23:22:57,2020 / 法国 比利时 / 剧情 悬疑 惊悚 / 雅恩·戈斯兰 / 皮埃尔·尼内 璐·德·拉格
26933210,蜘蛛侠：英雄无归,,https://dou.img.lithub.cc/movie/26933210.jpg,2021-12-15(中国台湾),https://movie.douban.com/subject/26933210/,6.6,"动作,科幻,奇幻",2,两个多小时过了个渡，开启多元宇宙,,2022-03-22 22:57:09,2021 / 美国 / 动作 科幻 奇幻 冒险 / 乔·沃茨 / 汤姆·赫兰德 赞达亚
30359376,美国女孩,,https://dou.img.lithub.cc/movie/30359376.jpg,2021-12-03(中国台湾),https://movie.douban.com/subject/30359376/,7.3,"剧情,家庭",3,,,2022-03-17 20:39:13,2021 / 中国台湾 / 剧情 家庭 / 阮凤仪 / 林嘉欣 庄凯勋
34851292,我的智能情人,,https://dou.img.lithub.cc/movie/34851292.jpg,2020-02-07(韩国),https://movie.douban.com/subject/34851292/,7.6,"爱情,科幻",3,,,2022-02-24 23:01:20,2020 / 韩国 / 爱情 科幻 / 李尚烨 / 尹贤旻 高圣熙
34884712,不要抬头,,https://dou.img.lithub.cc/movie/34884712.jpg,2021-12-10(美国),https://movie.douban.com/subject/34884712/,7.6,"喜剧,科幻",4,666,,2022-02-14 22:44:55,2021 / 美国 / 喜剧 科幻 / 亚当·麦凯 / 莱昂纳多·迪卡普里奥 詹妮弗·劳伦斯
35376457,爱情神话,,https://dou.img.lithub.cc/movie/35376457.jpg,2021-12-24(中国大陆),https://movie.douban.com/subject/35376457/,8.1,"剧情,喜剧,爱情",4,动容在细节。,,2022-02-14 22:44:30,2021 / 中国大陆 / 剧情 喜剧 爱情 / 邵艺辉 / 徐峥 马伊琍
35422807,扬名立万,,https://dou.img.lithub.cc/movie/35422807.jpg,2021-11-11(中国大陆),https://movie.douban.com/subject/35422807/,7.4,"剧情,喜剧,悬疑",2,啊？原来被嘲讽了,,2022-02-14 22:44:04,2021 / 中国大陆 / 剧情 喜剧 悬疑 / 刘循子墨 / 尹正 邓家佳
35144311,雄狮少年,,https://dou.img.lithub.cc/movie/35144311.jpg,2021-12-17(中国大陆),https://movie.douban.com/subject/35144311/,8.3,"剧情,喜剧,动画",4,如梦一场，除搬砖,,2022-02-14 22:40:31,2021 / 中国大陆 / 剧情 喜剧 动画 / 孙海鹏 / 大昕 大雄
35550794,华灯初上 第二季,,https://dou.img.lithub.cc/movie/35550794.jpg,2021-12-30(中国台湾),https://movie.douban.com/subject/35550794/,7.2,"剧情,爱情,犯罪",4,,,2022-01-05 22:43:23,2021 / 中国台湾 / 剧情 爱情 犯罪 / 连奕琦 / 林心如 杨谨华
33457594,摩加迪沙,,https://dou.img.lithub.cc/movie/33457594.jpg,2021-07-28(韩国),https://movie.douban.com/subject/33457594/,8.1,"剧情,动作",4,大拇指,,2021-12-25 08:40:06,2021 / 韩国 / 剧情 动作 / 柳昇完 / 金允石 赵寅成
20276229,007：无暇赴死,,https://dou.img.lithub.cc/movie/20276229.jpg,2021-10-29(中国大陆),https://movie.douban.com/subject/20276229/,6.6,"动作,惊悚,冒险",4,给场面和女主！,,2021-12-25 08:39:21,2021 / 英国 美国 / 动作 惊悚 冒险 / 凯瑞·福永 / 丹尼尔·克雷格 蕾雅·赛杜
3001114,沙丘,,https://dou.img.lithub.cc/movie/3001114.jpg,2021-10-22(美国/中国大陆),https://movie.douban.com/subject/3001114/,7.7,"剧情,科幻,冒险",3,宏大的世界，2个半小时才开个头,,2021-12-25 08:37:16,2021 / 美国 / 剧情 科幻 冒险 / 丹尼斯·维伦纽瓦 / 提莫西·查拉梅 丽贝卡·弗格森
26897885,芬奇,,https://dou.img.lithub.cc/movie/26897885.jpg,2021-11-05(美国),https://movie.douban.com/subject/26897885/,8.4,"剧情,科幻",4,父与子,,2021-12-25 08:35:43,2021 / 美国 / 剧情 科幻 / 米格尔·萨普什尼克 / 汤姆·汉克斯 卡莱伯·兰德里·琼斯
30382416,毒液2,,https://dou.img.lithub.cc/movie/30382416.jpg,2021-10-01(美国),https://movie.douban.com/subject/30382416/,5,"动作,科幻,惊悚",2,一点不爆米花,,2021-12-25 08:35:14,2021 / 美国 中国大陆 / 动作 科幻 惊悚 / 安迪·瑟金斯 / 汤姆·哈迪 伍迪·哈里森
34801038,黑客帝国：矩阵重启,,https://dou.img.lithub.cc/movie/34801038.jpg,2022-01-14(中国大陆),https://movie.douban.com/subject/34801038/,5.7,"动作,科幻",3,怀旧,,2021-12-25 08:33:53,2021 / 美国 / 动作 科幻 / 拉娜·沃卓斯基 / 基努·里维斯 凯瑞-安·莫斯
35180907,谁是凶手,,https://dou.img.lithub.cc/movie/35180907.jpg,2021-12-05(中国大陆),https://movie.douban.com/subject/35180907/,6.2,"悬疑,犯罪",3,哎，这真凶，竟然不是男女主,,2021-12-22 21:12:20,2021 / 中国大陆 / 悬疑 犯罪 / 孙皓 / 赵丽颖 肖央
26954859,兰心大剧院,,https://dou.img.lithub.cc/movie/26954859.jpg,2021-10-15(中国大陆),https://movie.douban.com/subject/26954859/,7.2,剧情,3,,,2021-11-06 22:45:10,2019 / 中国大陆 / 剧情 / 娄烨 / 巩俐 赵又廷
34806351,富豪谷底求翻身 第一季,,https://dou.img.lithub.cc/movie/34806351.jpg,2019-08-06(美国),https://movie.douban.com/subject/34806351/,9.1,真人秀,4,,,2021-11-06 09:14:40,2019 / 美国 / 真人秀 / Glenn Stearns
1291546,霸王别姬,,https://dou.img.lithub.cc/movie/1291546.jpg,1993-07-26(中国大陆),https://movie.douban.com/subject/1291546/,9.6,"剧情,爱情,同性",5,悲剧,,2021-07-25 20:24:19,1993 / 中国大陆 中国香港 / 剧情 爱情 同性 / 陈凯歌 / 张国荣 张丰毅
35027568,窥探,,https://dou.img.lithub.cc/movie/35027568.jpg,2021-03-03(韩国),https://movie.douban.com/subject/35027568/,8.7,"剧情,悬疑,犯罪",4,,,2021-03-13 16:58:35,2021 / 韩国 / 剧情 悬疑 犯罪 / 崔俊裴 / 李昇基 李熙俊
34902639,同学麦娜丝,,https://dou.img.lithub.cc/movie/34902639.jpg,2020-11-20(中国台湾),https://movie.douban.com/subject/34902639/,7.9,"剧情,喜剧",3,作了！,,2021-02-22 23:01:07,2020 / 中国台湾 / 剧情 喜剧 / 黄信尧 / 施名帅 郑人硕
34841067,你好，李焕英,,https://dou.img.lithub.cc/movie/34841067.jpg,2021-02-12(中国大陆),https://movie.douban.com/subject/34841067/,7.7,"剧情,喜剧,奇幻",4,甩梗自然，情绪渲染克制,,2021-02-19 08:15:12,2021 / 中国大陆 / 剧情 喜剧 奇幻 / 贾玲 / 贾玲 张小斐
27619748,唐人街探案3,,https://dou.img.lithub.cc/movie/27619748.jpg,2021-02-12(中国大陆),https://movie.douban.com/subject/27619748/,5.3,"喜剧,悬疑",1,无耻,,2021-02-16 16:29:33,2021 / 中国大陆 中国香港 日本 / 喜剧 悬疑 / 陈思诚 / 王宝强 刘昊然
5132228,黑客帝国：重访矩阵幕后制作纪录,,https://dou.img.lithub.cc/movie/5132228.jpg,2001-09-21(美国),https://movie.douban.com/subject/5132228/,9.2,纪录片,4,,,2021-01-26 23:02:14,2001 / 美国 / 纪录片 / 乔什·奥雷克 / 基努·里维斯 凯瑞-安·莫斯
1302467,黑客帝国3：矩阵革命,,https://dou.img.lithub.cc/movie/1302467.jpg,2003-11-05(中国大陆),https://movie.douban.com/subject/1302467/,8.8,"动作,科幻",4,,,2021-01-26 23:02:00,2003 / 美国 / 动作 科幻 / 拉娜·沃卓斯基 莉莉·沃卓斯基 / 基努·里维斯 劳伦斯·菲什伯恩
1291843,黑客帝国,,https://dou.img.lithub.cc/movie/1291843.jpg,2000-01-14(中国大陆),https://movie.douban.com/subject/1291843/,9.1,"动作,科幻",5,重看，启示般的存在！,,2021-01-26 22:59:22,1999 / 美国 / 动作 科幻 / 莉莉·沃卓斯基 拉娜·沃卓斯基 / 基努·里维斯 劳伦斯·菲什伯恩
35275115,2020去死,,https://dou.img.lithub.cc/movie/35275115.jpg,2020-12-27(美国网络),https://movie.douban.com/subject/35275115/,7.3,喜剧,3,,,2021-01-22 21:59:31,2020 / 美国 / 喜剧 / 阿尔·坎贝尔 Alice Mathias / 塞缪尔·杰克逊 休·格兰特
2609258,芝加哥七君子审判,,https://dou.img.lithub.cc/movie/2609258.jpg,2020-09-25(美国),https://movie.douban.com/subject/2609258/,8.6,"剧情,历史",5,,,2020-12-05 23:01:23,2020 / 美国 英国 印度 / 剧情 历史 / 艾伦·索金 / 埃迪·雷德梅恩 艾利克斯·夏普
24697949,半泽直树,,https://dou.img.lithub.cc/movie/24697949.jpg,2013-07-07(日本),https://movie.douban.com/subject/24697949/,9.2,剧情,5,无脑5星！,,2020-11-29 21:34:40,2013 / 日本 / 剧情 / 福泽克雄 棚泽孝义 田中健太 / 堺雅人 上户彩
33447642,沉默的真相,,https://dou.img.lithub.cc/movie/33447642.jpg,2020-09-16(中国大陆),https://movie.douban.com/subject/33447642/,9,"剧情,悬疑,犯罪",5,能上映不容易！,,2020-11-29 21:33:58,2020 / 中国大陆 / 剧情 悬疑 犯罪 / 陈奕甫 / 廖凡 白宇
32579283,后翼弃兵,,https://dou.img.lithub.cc/movie/32579283.jpg,2020-10-23(美国),https://movie.douban.com/subject/32579283/,9,剧情,5,,,2020-11-29 21:33:19,2020 / 美国 / 剧情 / 斯科特·弗兰克 / 安雅·泰勒-乔伊 伊斯拉·约翰斯顿
30176393,误杀,,https://dou.img.lithub.cc/movie/30176393.jpg,2019-12-13(中国大陆),https://movie.douban.com/subject/30176393/,7.5,"剧情,悬疑,犯罪",3,应该不看原版的……,,2020-11-29 21:31:05,2019 / 中国大陆 / 剧情 悬疑 犯罪 / 柯汶利 / 肖央 谭卓
30271841,多哥,,https://dou.img.lithub.cc/movie/30271841.jpg,2019-12-20(美国),https://movie.douban.com/subject/30271841/,8.8,"剧情,冒险",5,,,2020-11-29 21:30:33,2019 / 美国 / 剧情 冒险 / 埃里克松·科尔 / 威廉·达福 朱丽安妮·尼科尔森
30444960,信条,,https://dou.img.lithub.cc/movie/30444960.jpg,2020-09-04(中国大陆),https://movie.douban.com/subject/30444960/,7.6,"剧情,动作,科幻",5,时间钳形攻击！,,2020-11-29 21:29:41,2020 / 美国 英国 / 剧情 动作 科幻 / 克里斯托弗·诺兰 / 约翰·大卫·华盛顿 罗伯特·帕丁森
26754233,八佰,,https://dou.img.lithub.cc/movie/26754233.jpg,2020-08-21(中国大陆),https://movie.douban.com/subject/26754233/,7.5,"剧情,历史,战争",2,想说什么？！,,2020-11-29 21:28:57,2020 / 中国大陆 / 剧情 历史 战争 / 管虎 / 王千源 张译
25907124,姜子牙,,https://dou.img.lithub.cc/movie/25907124.jpg,2020-10-01(中国大陆),https://movie.douban.com/subject/25907124/,6.6,"剧情,动画,奇幻",3,纯碎给特效！,,2020-11-29 21:28:02,2020 / 中国大陆 / 剧情 动画 奇幻 / 程腾 李炜 / 郑希 杨凝
30346025,电话,,https://dou.img.lithub.cc/movie/30346025.jpg,2020-11-27(韩国网络),https://movie.douban.com/subject/30346025/,7.6,"剧情,惊悚",4,恶，比她娘还恶！,,2020-11-29 21:27:25,2020 / 韩国 / 剧情 惊悚 / 李聪贤 / 朴信惠 全钟瑞
34861170,虽然是精神病但没关系,,https://dou.img.lithub.cc/movie/34861170.jpg,2020-06-20(韩国),https://movie.douban.com/subject/34861170/,8.4,"剧情,爱情",5,奈飞开遍全球！,,2020-07-17 09:13:54,2020 / 韩国 / 剧情 爱情 / 朴信宇 / 金秀贤 徐睿知
26871906,灰猎犬号,,https://dou.img.lithub.cc/movie/26871906.jpg,2020-07-10(美国),https://movie.douban.com/subject/26871906/,7.8,"剧情,战争",3,,,2020-07-11 09:47:21,2020 / 美国 加拿大 中国大陆 / 剧情 战争 / 亚伦·施耐德 / 汤姆·汉克斯 斯蒂芬·格拉汉姆
30458970,终生 第一季,,https://dou.img.lithub.cc/movie/30458970.jpg,2020-02-11(美国),https://movie.douban.com/subject/30458970/,8.2,剧情,4,真不敢相信主角能活一整季,,2020-07-08 22:32:18,2020 / 美国 / 剧情 / 罗素·李·范恩 吉列尔莫·纳瓦罗 / 尼古拉斯·平诺克 因迪拉·瓦玛
33404425,隐秘的角落,,https://dou.img.lithub.cc/movie/33404425.jpg,2020-06-16(中国大陆),https://movie.douban.com/subject/33404425/,8.8,"剧情,悬疑,犯罪",5,朝阳 = 东升2.0，你选择相信童话还是真相？,,2020-06-27 12:25:19,2020 / 中国大陆 / 剧情 悬疑 犯罪 / 辛爽 / 秦昊 王景春
33477335,正常人,,https://dou.img.lithub.cc/movie/33477335.jpg,2020-12-25(中国大陆),https://movie.douban.com/subject/33477335/,8.5,"剧情,爱情",5,虐,,2020-05-17 11:57:47,2020 / 爱尔兰 英国 美国 / 剧情 爱情 / 伦尼·阿伯拉罕森 希提·麦克唐纳 / 黛西·埃德加-琼斯 保罗·麦斯卡
35014718,风味人间 第二季,,https://dou.img.lithub.cc/movie/35014718.jpg,2020-04-26(中国大陆),https://movie.douban.com/subject/35014718/,9,纪录片,5,,,2020-05-09 22:31:21,2020 / 中国大陆 / 纪录片 / 陈晓卿 李勇 / 李立宏
30223100,最后的舞动,,https://dou.img.lithub.cc/movie/30223100.jpg,2020-04-19(美国),https://movie.douban.com/subject/30223100/,9.6,"纪录片,运动",5,,,2020-04-24 23:16:56,2020 / 美国 / 纪录片 运动 / 杰森·海希尔 / 迈克尔·乔丹 斯科蒂·皮蓬
30182726,狩猎,,https://dou.img.lithub.cc/movie/30182726.jpg,2020-03-13(美国),https://movie.douban.com/subject/30182726/,7.4,"动作,惊悚",3,排除隐喻，真没啥,,2020-04-17 22:00:14,2020 / 美国 日本 / 动作 惊悚 / 克雷格·卓贝 / 贝蒂·吉尔平 希拉里·斯万克
34805219,饥饿站台,,https://dou.img.lithub.cc/movie/34805219.jpg,2019-09-06(多伦多电影节),https://movie.douban.com/subject/34805219/,7.9,"科幻,惊悚",4,总有人想改变，结果先被童话,,2020-04-09 23:26:11,2019 / 西班牙 / 科幻 惊悚 / 加尔德·加兹特鲁·乌鲁蒂亚 / 伊万·马萨格 佐伦·伊格
34911053,纸钞屋 第四季,,https://dou.img.lithub.cc/movie/34911053.jpg,2020-04-03(西班牙),https://movie.douban.com/subject/34911053/,9,"剧情,动作,悬疑",3,用情过盛，多倍速过剧情,,2020-04-08 01:02:50,2020 / 西班牙 / 剧情 动作 悬疑 犯罪 / 亚历克斯·罗德里戈 科尔多·塞拉 嘉维尔·昆塔斯 / 乌苏拉·科尔维罗 阿尔瓦罗·莫奇
30292719,星际迷航：皮卡德 第一季,,https://dou.img.lithub.cc/movie/30292719.jpg,2020-01-23(美国),https://movie.douban.com/subject/30292719/,8.2,"剧情,科幻",4,最最后，再活一万年？,,2020-04-01 11:48:00,2020 / 美国 / 剧情 科幻 / 乔纳森·弗雷克斯 汉内尔 M.卡普珀 / 帕特里克·斯图尔特 桑地亚哥·卡布瑞拉
30206389,西部世界 第三季,,https://dou.img.lithub.cc/movie/30206389.jpg,2020-03-15(美国),https://movie.douban.com/subject/30206389/,8.2,"剧情,科幻,悬疑",5,,,2020-03-23 20:31:16,2020 / 美国 / 剧情 科幻 悬疑 西部 / 乔纳森·诺兰 詹妮弗·盖辛格 理查德·J·刘易斯 保罗·卡梅隆 安娜·福斯特 阿曼达·马尔萨利斯 海伦·谢费 / 埃文·蕾切尔·伍德 坦迪·牛顿
30306401,王国 第二季,,https://dou.img.lithub.cc/movie/30306401.jpg,2020-03-13(韩国),https://movie.douban.com/subject/30306401/,8.3,"剧情,恐怖,古装",5,,,2020-03-18 23:54:46,2020 / 韩国 / 剧情 恐怖 古装 / 金成勋 朴仁载 / 朱智勋 裴斗娜
26947951,王国 第一季,,https://dou.img.lithub.cc/movie/26947951.jpg,2019-01-25(韩国),https://movie.douban.com/subject/26947951/,8.6,"剧情,恐怖,古装",5,,,2020-03-18 23:54:28,2019 / 韩国 / 剧情 恐怖 古装 / 金成勋 / 朱智勋 裴斗娜
30160347,零零零,,https://dou.img.lithub.cc/movie/30160347.jpg,2019-09-05(威尼斯电影节),https://movie.douban.com/subject/30160347/,9,"剧情,犯罪",4,赚钱风险真高,,2020-03-14 00:58:57,2019 / 意大利 / 剧情 犯罪 / 扬努斯·梅兹 巴勃罗·特拉佩罗 斯特法诺·索利马 / 安德丽娅·赖斯伯勒 戴恩·德哈恩
30331959,黑水,,https://dou.img.lithub.cc/movie/30331959.jpg,2019-11-22(美国点映),https://movie.douban.com/subject/30331959/,8.6,剧情,4,白晃晃地黑,,2020-03-12 14:29:44,2019 / 美国 / 剧情 / 托德·海因斯 / 马克·鲁弗洛 安妮·海瑟薇
1300299,杀人回忆,,https://dou.img.lithub.cc/movie/1300299.jpg,2003-05-02(韩国),https://movie.douban.com/subject/1300299/,8.9,"剧情,动作,悬疑",4,谁在回忆呢，如果是杀手，真是罪恶,,2020-02-29 21:11:40,2003 / 韩国 / 剧情 动作 悬疑 惊悚 犯罪 / 奉俊昊 / 宋康昊 金相庆
30252495,1917,,https://dou.img.lithub.cc/movie/30252495.jpg,2020-08-07(中国大陆),https://movie.douban.com/subject/30252495/,8.5,"剧情,战争",4,小卷福说，滚吧，还呆在这干什么！,,2020-02-18 09:55:34,2019 / 美国 英国 印度 西班牙 加拿大 中国大陆 / 剧情 战争 / 萨姆·门德斯 / 乔治·麦凯 迪恩-查尔斯·查普曼
30183610,纸钞屋 第二季,,https://dou.img.lithub.cc/movie/30183610.jpg,2018-04-06(西班牙),https://movie.douban.com/subject/30183610/,8.1,"动作,悬疑,犯罪",,,,2020-02-16 01:19:33,2018 / 西班牙 / 动作 悬疑 犯罪 / 乌苏拉·科尔维罗 帕科·图斯
27185036,纸钞屋 第一季,,https://dou.img.lithub.cc/movie/27185036.jpg,2017-05-02(西班牙),https://movie.douban.com/subject/27185036/,8.6,"剧情,动作,悬疑",,,,2020-02-16 01:19:31,2017 / 西班牙 / 剧情 动作 悬疑 / 阿莱克斯·皮纳 / 乌苏拉·科尔维罗 伊西娅尔·伊图诺
30201281,纸钞屋 第三季,,https://dou.img.lithub.cc/movie/30201281.jpg,2019-07-19(西班牙),https://movie.douban.com/subject/30201281/,9,"动作,悬疑,惊悚",5,,,2020-02-16 01:19:17,2019 / 西班牙 / 动作 悬疑 惊悚 犯罪 / 杰斯·科尔梅纳 / 乌苏拉·科尔维罗 伊西娅尔·伊图诺
4301043,传染病,,https://dou.img.lithub.cc/movie/4301043.jpg,2011-09-03(威尼斯电影节),https://movie.douban.com/subject/4301043/,7.1,"剧情,科幻,惊悚",4,有疫苗的情况下，也如此，没有疫苗呢？,,2020-02-10 22:35:53,2011 / 美国 阿联酋 / 剧情 科幻 惊悚 灾难 / 史蒂文·索德伯格 / 玛丽昂·歌迪亚 马特·达蒙
6538866,极速车王,,https://dou.img.lithub.cc/movie/6538866.jpg,2020-08-07(中国大陆),https://movie.douban.com/subject/6538866/,8.5,"剧情,传记,运动",4,你以为有主角光环，主角总能从烈火中爬出来……,,2020-02-06 08:59:16,2019 / 美国 / 剧情 传记 运动 / 詹姆斯·曼高德 / 马特·达蒙 克里斯蒂安·贝尔
26581181,血疫 第一季,,https://dou.img.lithub.cc/movie/26581181.jpg,2019-05-27(美国),https://movie.douban.com/subject/26581181/,8.1,"剧情,惊悚",3,男主光环，女主不美！,,2020-01-30 16:04:00,2019 / 美国 / 剧情 惊悚 / 迈克尔·乌彭达尔 / 朱丽安娜· 玛格丽丝 诺亚·艾默里奇
30394535,被光抓走的人,,https://dou.img.lithub.cc/movie/30394535.jpg,2019-12-13(中国大陆),https://movie.douban.com/subject/30394535/,6.9,"剧情,爱情,科幻",2,不能简简单单讲好一个故事吗,,2020-01-20 22:39:32,2019 / 中国大陆 / 剧情 爱情 科幻 / 董润年 / 黄渤 王珞丹
21941283,未知电影,,https://dou.img.lithub.cc/movie/21941283.jpg,,https://movie.douban.com/subject/21941283/,0,,4,能拍出来已异常佩服,,2020-01-20 19:31:28,
24716039,星际探索,,https://dou.img.lithub.cc/movie/24716039.jpg,2019-12-05(中国大陆),https://movie.douban.com/subject/24716039/,6.8,"科幻,冒险",2,探索了啥？,,2019-12-08 08:27:17,2019 / 美国 巴西 中国大陆 / 科幻 冒险 / 詹姆斯·格雷 / 布拉德·皮特 汤米·李·琼斯
30327842,82年生的金智英,,https://dou.img.lithub.cc/movie/30327842.jpg,2019-11-07(中国香港),https://movie.douban.com/subject/30327842/,8.6,剧情,5,韩式的“不治之病”遇到温情坚强的女主人,,2019-12-07 14:29:30,2019 / 韩国 / 剧情 / 金度英 / 郑有美 孔刘
27595272,冰峰暴,,https://dou.img.lithub.cc/movie/27595272.jpg,2019-11-29(中国大陆),https://movie.douban.com/subject/27595272/,4.3,"动作,灾难",1,,,2019-11-29 21:55:39,2019 / 中国大陆 / 动作 灾难 / 余非 / 张静初 役所广司
3097572,双子杀手,,https://dou.img.lithub.cc/movie/3097572.jpg,2019-10-18(中国大陆),https://movie.douban.com/subject/3097572/,6.8,"剧情,动作,科幻",3,,,2019-11-29 21:55:19,2019 / 美国 中国大陆 / 剧情 动作 科幻 / 李安 / 威尔·史密斯 玛丽·伊丽莎白·温斯特德
27119724,小丑,,https://dou.img.lithub.cc/movie/27119724.jpg,2019-08-31(威尼斯电影节),https://movie.douban.com/subject/27119724/,8.7,"剧情,惊悚,犯罪",5,哈哈哈，哈哈，哈……,,2019-11-29 21:53:10,2019 / 美国 加拿大 / 剧情 惊悚 犯罪 / 托德·菲利普斯 / 华金·菲尼克斯 罗伯特·德尼罗
26709258,罗小黑战记,,https://dou.img.lithub.cc/movie/26709258.jpg,2019-09-07(中国大陆),https://movie.douban.com/subject/26709258/,8,"动作,动画,奇幻",3,悲剧中的喜剧,,2019-11-05 21:02:29,2019 / 中国大陆 / 动作 动画 奇幻 / 木头 / 山新 郝祥海
27035542,花生酱猎鹰,,https://dou.img.lithub.cc/movie/27035542.jpg,2019-03-09(西南偏南电影节),https://movie.douban.com/subject/27035542/,7.4,"剧情,喜剧,冒险",5,我们很像,,2019-11-02 14:19:03,2019 / 美国 / 剧情 喜剧 冒险 / 泰勒·尼尔森 迈克·舒瓦茨 / 希亚·拉博夫 达科塔·约翰逊
30156074,金宵大厦,,https://dou.img.lithub.cc/movie/30156074.jpg,2019-09-16(中国香港),https://movie.douban.com/subject/30156074/,8.4,"剧情,悬疑,奇幻",4,港版黑镜,,2019-10-26 15:30:15,2019 / 中国香港 / 剧情 悬疑 奇幻 / 叶镇辉 / 陈山聪 李施嬅
30334073,调音师,,https://dou.img.lithub.cc/movie/30334073.jpg,2019-04-03(中国大陆),https://movie.douban.com/subject/30334073/,8.2,"喜剧,悬疑,惊悚",5,最后一幕再反转，忍不住鼓掌,,2019-10-05 21:38:50,2018 / 印度 / 喜剧 悬疑 惊悚 犯罪 / 斯里兰姆·拉格万 / 阿尤斯曼·库拉纳 塔布
7059671,最佳出价,,https://dou.img.lithub.cc/movie/7059671.jpg,2013-01-01(意大利),https://movie.douban.com/subject/7059671/,8.4,"剧情,爱情,悬疑",4,选择事业还是爱情，毫不犹豫是后者，为爱付其一生，悲哀中透露着美好,,2019-10-03 16:54:42,2013 / 意大利 / 剧情 爱情 悬疑 / 朱塞佩·托纳多雷 / 杰弗里·拉什 吉姆·斯特吉斯
27180759,送我上青云,,https://dou.img.lithub.cc/movie/27180759.jpg,2019-08-16(中国大陆),https://movie.douban.com/subject/27180759/,7,剧情,4,意向够足,,2019-10-03 16:51:03,2019 / 中国大陆 / 剧情 / 滕丛丛 / 姚晨 袁弘
30122641,难以置信,,https://dou.img.lithub.cc/movie/30122641.jpg,2019-09-13(美国),https://movie.douban.com/subject/30122641/,9.2,"剧情,犯罪",5,一定程度上社会的发展基于利己之心，这有形无形中对他人造成的伤害无法估量,,2019-09-22 13:50:07,2019 / 美国 / 剧情 犯罪 / 丽莎·查罗登科 迈克尔·丁纳 苏珊娜·格兰特 / 梅里特·韦弗 托妮·科莱特
34807113,走进比尔：解码比尔·盖茨,,https://dou.img.lithub.cc/movie/34807113.jpg,2019-09-20(美国),https://movie.douban.com/subject/34807113/,9.1,纪录片,5,离开微软没有减速，而是加速改变世界。,,2019-09-22 13:43:17,2019 / 美国 / 纪录片 / 戴维斯·古根海姆 / 比尔·盖茨 梅琳达·盖茨
26931786,蜘蛛侠：英雄远征,,https://dou.img.lithub.cc/movie/26931786.jpg,2019-06-28(中国大陆),https://movie.douban.com/subject/26931786/,7.6,"动作,科幻,冒险",4,,,2019-09-13 22:47:47,2019 / 美国 / 动作 科幻 冒险 / 乔·沃茨 / 汤姆·赫兰德 赞达亚
30164448,海市蜃楼,,https://dou.img.lithub.cc/movie/30164448.jpg,2019-03-28(中国大陆),https://movie.douban.com/subject/30164448/,7.6,"科幻,悬疑,惊悚",5,大赢家,,2019-08-16 23:01:36,2018 / 西班牙 / 科幻 悬疑 惊悚 / 奥里奥尔·保罗 / 阿德里亚娜·乌加特 奇诺·达林
27191431,过春天,,https://dou.img.lithub.cc/movie/27191431.jpg,2019-03-15(中国大陆),https://movie.douban.com/subject/27191431/,7.7,剧情,4,船上的瞬间，荷尔蒙激发,,2019-08-16 22:50:46,2018 / 中国大陆 / 剧情 / 白雪 / 黄尧 孙阳
30140231,沦落人,,https://dou.img.lithub.cc/movie/30140231.jpg,2019-04-11(中国香港),https://movie.douban.com/subject/30140231/,8.2,剧情,3,不切实际的沦落生活,,2019-08-16 22:46:50,2018 / 中国香港 / 剧情 / 陈小娟 / 黄秋生 克里瑟尔·孔松希
26842702,燃烧,,https://dou.img.lithub.cc/movie/26842702.jpg,2018-05-16(戛纳电影节),https://movie.douban.com/subject/26842702/,8.1,"剧情,悬疑,犯罪",3,浓浓意象，不合口味，想看个简单完整的故事。,,2019-08-10 09:35:38,2018 / 韩国 / 剧情 悬疑 犯罪 / 李沧东 / 刘亚仁 史蒂文·元
27010768,寄生虫,,https://dou.img.lithub.cc/movie/27010768.jpg,2019-05-21(戛纳电影节),https://movie.douban.com/subject/27010768/,8.8,剧情,3,还想着底下男的是由男主人导致的，真倒霉,,2019-08-08 19:26:59,2019 / 韩国 / 剧情 / 奉俊昊 / 宋康昊 李善均
26794435,哪吒之魔童降世,,https://dou.img.lithub.cc/movie/26794435.jpg,2019-07-26(中国大陆),https://movie.douban.com/subject/26794435/,8.4,"剧情,喜剧,动画",4,画面惊艳到，打斗场面偏多，剧情交代为主,,2019-07-26 16:59:37,2019 / 中国大陆 / 剧情 喜剧 动画 奇幻 / 饺子 / 吕艳婷 囧森瑟夫
26849758,长安十二时辰,,https://dou.img.lithub.cc/movie/26849758.jpg,2019-06-27(中国大陆),https://movie.douban.com/subject/26849758/,8.1,"剧情,悬疑,古装",3,古代版的 二十四小时，对小说还原度高。已看30集，无味,,2019-07-03 10:28:57,2019 / 中国大陆 / 剧情 悬疑 古装 / 曹盾 / 雷佳音 易烊千玺
26794701,孟买酒店,,https://dou.img.lithub.cc/movie/26794701.jpg,2018-09-07(多伦多电影节),https://movie.douban.com/subject/26794701/,8.4,"剧情,惊悚,历史",4,发指,,2019-06-21 23:41:06,2018 / 澳大利亚 美国 印度 / 剧情 惊悚 历史 / 安东尼·马拉斯 / 艾米·汉莫 纳赞宁·波妮阿蒂
30269908,圆桌派 第四季,,https://dou.img.lithub.cc/movie/30269908.jpg,2019-06-17(中国大陆),https://movie.douban.com/subject/30269908/,8.6,脱口秀,5,听着看着一小时都觉得舒服,,2019-06-20 21:56:33,2019 / 中国大陆 / 脱口秀 / 苏雷 / 窦文涛 周迅
27039358,蜂鸟计划,,https://dou.img.lithub.cc/movie/27039358.jpg,2021-01-29(中国大陆),https://movie.douban.com/subject/27039358/,7,剧情,3,,,2019-06-19 21:41:28,2018 / 加拿大 比利时 / 剧情 / 阮金 / 杰西·艾森伯格 亚历山大·斯卡斯加德
27200836,第二十二条军规,,https://dou.img.lithub.cc/movie/27200836.jpg,2019-05-17(美国),https://movie.douban.com/subject/27200836/,8.7,"剧情,喜剧,战争",5,该咋咋滴,,2019-06-09 00:36:57,2019 / 美国 / 剧情 喜剧 战争 / 乔治·克鲁尼 格兰特·赫斯洛夫 艾伦·库拉斯 / 克里斯托弗·阿波特 凯尔·钱德勒
30161936,黑镜 第五季,,https://dou.img.lithub.cc/movie/30161936.jpg,2019-06-05(美国),https://movie.douban.com/subject/30161936/,7,"剧情,科幻,惊悚",3,,,2019-06-08 14:10:28,2019 / 美国 / 剧情 科幻 惊悚 / 詹姆斯·哈维斯 / 安德鲁·斯科特 麦莉·赛勒斯
30181230,我们与恶的距离,,https://dou.img.lithub.cc/movie/30181230.jpg,2019-03-24(中国台湾),https://movie.douban.com/subject/30181230/,9.4,剧情,5,理性很难,,2019-04-10 00:23:03,2019 / 中国台湾 / 剧情 / 林君阳 / 贾静雯 温升豪
30424374,爱，死亡和机器人 第一季,,https://dou.img.lithub.cc/movie/30424374.jpg,2019-03-15(美国),https://movie.douban.com/subject/30424374/,9.2,"喜剧,科幻,动画",4,一时刷剧一时爽，一直刷剧一直爽,,2019-03-29 23:07:08,2019 / 美国 / 喜剧 科幻 动画 恐怖 奇幻 / 维克多·马尔多纳多 加布里埃尔·彭纳基奥利 阿尔弗雷多·托雷斯 弗兰克·巴尔森 阿尔贝托·米尔戈 蒂姆·米勒 达米安·纽诺 杰罗姆·陈 维塔利·舒舒科 欧文·沙利文 罗伯特·瓦利 戴夫·威尔逊 乔恩·叶 哈维尔·雷西奥·格雷西亚 / 斯科特·怀特 诺兰·诺斯
26715636,地久天长,,https://dou.img.lithub.cc/movie/26715636.jpg,2019-03-22(中国大陆),https://movie.douban.com/subject/26715636/,8,"剧情,家庭",5,善良的导演，最后终于给了一点温暖,,2019-03-23 15:41:32,2019 / 中国大陆 / 剧情 家庭 / 王小帅 / 王景春 咏梅
26684528,库尔斯克,,https://dou.img.lithub.cc/movie/26684528.jpg,2018-09-06(多伦多电影节),https://movie.douban.com/subject/26684528/,6.9,"剧情,历史,灾难",3,你以为救援有望，也只是你以为！,,2019-03-15 22:28:36,2018 / 法国 比利时 卢森堡 / 剧情 历史 灾难 / 托马斯·温特伯格 / 科林·费尔斯 蕾雅·赛杜
25986662,疯狂的外星人,,https://dou.img.lithub.cc/movie/25986662.jpg,2019-02-05(中国大陆),https://movie.douban.com/subject/25986662/,6.4,"喜剧,科幻",2,扯犊子,,2019-03-09 23:54:03,2019 / 中国大陆 / 喜剧 科幻 / 宁浩 / 黄渤 沈腾
26816076,“大”人物,,https://dou.img.lithub.cc/movie/26816076.jpg,2019-01-10(中国大陆),https://movie.douban.com/subject/26816076/,6.4,"动作,犯罪",3,赶紧出门看原版,,2019-03-08 20:35:07,2019 / 中国大陆 / 动作 犯罪 / 五百 / 王千源 包贝尔
27060077,绿皮书,,https://dou.img.lithub.cc/movie/27060077.jpg,2019-03-01(中国大陆),https://movie.douban.com/subject/27060077/,8.9,"剧情,喜剧,音乐",4,不黑不白自我孤独温情默默,,2019-03-08 18:05:58,2018 / 美国 中国大陆 / 剧情 喜剧 音乐 传记 / 彼得·法雷里 / 维果·莫腾森 马赫沙拉·阿里
30331149,白蛇：缘起,,https://dou.img.lithub.cc/movie/30331149.jpg,2019-01-11(中国大陆),https://movie.douban.com/subject/30331149/,7.8,"爱情,动画,奇幻",4,当年过仙剑的感觉，自觉投入情感,,2019-03-05 23:01:06,2019 / 中国大陆 美国 / 爱情 动画 奇幻 / 黄家康 赵霁 / 张喆 杨天翔
20438964,无敌破坏王2：大闹互联网,,https://dou.img.lithub.cc/movie/20438964.jpg,2018-11-23(中国大陆),https://movie.douban.com/subject/20438964/,8,"喜剧,动画,奇幻",4,疗愈,,2019-03-02 15:31:14,2018 / 美国 / 喜剧 动画 奇幻 冒险 / 菲尔·约翰斯顿 瑞奇·摩尔 / 约翰·C·赖利 萨拉·西尔弗曼
4139917,数学的故事,,https://dou.img.lithub.cc/movie/4139917.jpg,2008-10-06(英国),https://movie.douban.com/subject/4139917/,8.9,纪录片,5,,,2019-02-12 15:08:36,2008 / 英国 / 纪录片 / 马库斯·杜·桑托伊 Christopher Anagnostakis
26266893,流浪地球,,https://dou.img.lithub.cc/movie/26266893.jpg,2019-02-05(中国大陆),https://movie.douban.com/subject/26266893/,7.9,"科幻,冒险,灾难",4,比原著多了很多细节，增强了不少故事性，但整体而言剧情还是直,,2019-02-11 21:38:58,2019 / 中国大陆 / 科幻 冒险 灾难 / 郭帆 / 吴京 屈楚萧
27119586,谁先爱上他的,,https://dou.img.lithub.cc/movie/27119586.jpg,2018-11-02(中国台湾),https://movie.douban.com/subject/27119586/,8.6,"剧情,喜剧,同性",5,从孩子视角出发，理解“死不认错的大人们”的逻辑，爱，真难。,,2019-02-10 15:43:46,2018 / 中国台湾 / 剧情 喜剧 同性 / 徐誉庭 许智彦 / 邱泽 谢盈萱
30163509,飞驰人生,,https://dou.img.lithub.cc/movie/30163509.jpg,2019-02-05(中国大陆),https://movie.douban.com/subject/30163509/,6.8,喜剧,2,讲得什么故事,,2019-02-05 23:25:40,2019 / 中国大陆 / 喜剧 / 韩寒 / 沈腾 黄景瑜
20425292,私人战争,,https://dou.img.lithub.cc/movie/20425292.jpg,2018-09-07(多伦多电影节),https://movie.douban.com/subject/20425292/,7.1,"剧情,传记,战争",3,si，ren,,2019-02-04 00:31:47,2018 / 美国 / 剧情 传记 战争 / 马修·海涅曼 / 裴淳华 詹米·多南
4920389,头号玩家,,https://dou.img.lithub.cc/movie/4920389.jpg,2018-03-30(中国大陆),https://movie.douban.com/subject/4920389/,8.6,"动作,科幻,冒险",5,,,2019-02-02 00:18:27,2018 / 美国 / 动作 科幻 冒险 / 史蒂文·斯皮尔伯格 / 泰伊·谢里丹 奥利维亚·库克
5300054,波西米亚狂想曲,,https://dou.img.lithub.cc/movie/5300054.jpg,2019-03-22(中国大陆),https://movie.douban.com/subject/5300054/,8.6,"剧情,同性,音乐",5,,,2019-01-26 23:22:26,2018 / 英国 美国 / 剧情 同性 音乐 传记 / 布莱恩·辛格 / 拉米·马雷克 本·哈迪
27191492,四个春天,,https://dou.img.lithub.cc/movie/27191492.jpg,2019-01-04(中国大陆),https://movie.douban.com/subject/27191492/,8.8,"纪录片,家庭",4,,,2019-01-25 22:46:48,2017 / 中国大陆 / 纪录片 家庭 / 陆庆屹 / 陆运坤 李桂贤
30414462,黑镜：潘达斯奈基,,https://dou.img.lithub.cc/movie/30414462.jpg,2018-12-28(美国),https://movie.douban.com/subject/30414462/,6.8,"剧情,科幻,悬疑",3,电影版失去了选择，看得云里雾里,,2019-01-13 20:23:27,2018 / 英国 美国 / 剧情 科幻 悬疑 惊悚 / 大卫·斯雷德 / 菲恩·怀特海德 克雷格·帕金森
27113517,血观音,,https://dou.img.lithub.cc/movie/27113517.jpg,2017-11-24(中国台湾),https://movie.douban.com/subject/27113517/,8.5,"剧情,悬疑",,,,2019-01-11 21:23:01,2017 / 中国台湾 / 剧情 悬疑 / 杨雅喆 / 惠英红 吴可熙
26366496,邪不压正,,https://dou.img.lithub.cc/movie/26366496.jpg,2018-07-13(中国大陆),https://movie.douban.com/subject/26366496/,7,"剧情,喜剧,动作",3,终于能看懂那么一点点,,2018-12-06 22:18:02,2018 / 中国大陆 / 剧情 喜剧 动作 / 姜文 / 彭于晏 廖凡
27110296,无名之辈,,https://dou.img.lithub.cc/movie/27110296.jpg,2018-11-16(中国大陆),https://movie.douban.com/subject/27110296/,8,"剧情,喜剧",3,⭐给演员,,2018-12-01 23:33:43,2018 / 中国大陆 / 剧情 喜剧 / 饶晓志 / 陈建斌 任素汐
27172891,大象席地而坐,,https://dou.img.lithub.cc/movie/27172891.jpg,2018-02-16(柏林电影节),https://movie.douban.com/subject/27172891/,8.1,剧情,3,咳，无解,,2018-11-01 00:25:19,2018 / 中国大陆 / 剧情 / 胡波 / 彭昱畅 章宇
27087625,地球脉动2：奇迹世界,,https://dou.img.lithub.cc/movie/27087625.jpg,2017-01-01(英国),https://movie.douban.com/subject/27087625/,9.7,纪录片,5,,,2018-10-27 14:19:34,2017 / 英国 / 纪录片 / 大卫·爱登堡
27040853,协商,,https://dou.img.lithub.cc/movie/27040853.jpg,2018-09-19(韩国),https://movie.douban.com/subject/27040853/,7.1,"动作,悬疑,犯罪",3,光看脸了,,2018-10-22 00:29:04,2018 / 韩国 / 动作 悬疑 犯罪 / 李钟奭 / 孙艺珍 玄彬
27615441,网络谜踪,,https://dou.img.lithub.cc/movie/27615441.jpg,2018-12-14(中国大陆),https://movie.douban.com/subject/27615441/,8.5,"剧情,悬疑,惊悚",5,为人父母看不得,,2018-10-13 23:32:34,2018 / 美国 俄罗斯 / 剧情 悬疑 惊悚 犯罪 / 阿尼什·查甘蒂 / 约翰·赵 米切尔·拉
27621727,遗传厄运,,https://dou.img.lithub.cc/movie/27621727.jpg,2018-01-21(圣丹斯电影节),https://movie.douban.com/subject/27621727/,7.3,恐怖,2,没吓着,,2018-09-24 07:21:38,2018 / 美国 / 恐怖 / 阿里·艾斯特 / 亚历克斯·沃尔夫 加布里埃尔·伯恩
26384741,湮灭,,https://dou.img.lithub.cc/movie/26384741.jpg,2018-04-13(中国大陆),https://movie.douban.com/subject/26384741/,7.2,"剧情,科幻,惊悚",3,看女主,,2018-09-23 20:33:49,2018 / 美国 英国 / 剧情 科幻 惊悚 / 亚历克斯·加兰 / 娜塔莉·波特曼 詹妮弗·杰森·李
26647117,暴裂无声,,https://dou.img.lithub.cc/movie/26647117.jpg,2018-04-04(中国大陆),https://movie.douban.com/subject/26647117/,8.2,"剧情,悬疑,犯罪",5,,,2018-09-23 20:32:45,2017 / 中国大陆 / 剧情 悬疑 犯罪 / 忻钰坤 / 宋洋 姜武
30201003,寄宿学校,,https://dou.img.lithub.cc/movie/30201003.jpg,2018-08-31(美国),https://movie.douban.com/subject/30201003/,7.3,"悬疑,恐怖",4,影片名取得够含蓄,,2018-09-23 09:26:09,2018 / 美国 / 悬疑 恐怖 / 鲍兹·亚金 / 卢克·普拉尔 斯特林·杰里斯
26336252,碟中谍6：全面瓦解,,https://dou.img.lithub.cc/movie/26336252.jpg,2018-08-31(中国大陆),https://movie.douban.com/subject/26336252/,8.1,"动作,惊悚,冒险",4,,,2018-09-15 22:36:57,2018 / 美国 中国大陆 法国 挪威 英国 / 动作 惊悚 冒险 / 克里斯托弗·麦奎里 / 汤姆·克鲁斯 亨利·卡维尔
26985127,一出好戏,,https://dou.img.lithub.cc/movie/26985127.jpg,2018-08-10(中国大陆),https://movie.douban.com/subject/26985127/,7.1,"剧情,喜剧",3,太长,,2018-08-17 00:59:57,2018 / 中国大陆 / 剧情 喜剧 / 黄渤 / 黄渤 舒淇
27093707,升级,,https://dou.img.lithub.cc/movie/27093707.jpg,2018-03-10(西南偏南电影节),https://movie.douban.com/subject/27093707/,8.2,"动作,科幻,惊悚",4,谁升级了谁,,2018-08-17 00:41:45,2018 / 美国 澳大利亚 / 动作 科幻 惊悚 / 雷·沃纳尔 / 罗根·马歇尔-格林 梅拉里·沃列何
24750126,荒蛮故事,,https://dou.img.lithub.cc/movie/24750126.jpg,2014-05-17(戛纳电影节),https://movie.douban.com/subject/24750126/,8.8,"剧情,喜剧,犯罪",5,,,2018-08-08 21:27:54,2014 / 阿根廷 西班牙 / 剧情 喜剧 犯罪 / 达米安·斯兹弗隆 / 达里奥·格兰迪内蒂 玛丽娅·玛努尔
27622447,小偷家族,,https://dou.img.lithub.cc/movie/27622447.jpg,2018-08-03(中国大陆),https://movie.douban.com/subject/27622447/,8.7,"剧情,家庭,犯罪",4,人与人之间的关系是靠什么联系在一起的呢？,,2018-08-07 22:10:15,2018 / 日本 / 剧情 家庭 犯罪 / 是枝裕和 / 中川雅也 安藤樱
25882296,狄仁杰之四大天王,,https://dou.img.lithub.cc/movie/25882296.jpg,2018-07-27(中国大陆),https://movie.douban.com/subject/25882296/,6.1,"动作,悬疑,奇幻",2,此系列，可弃,,2018-07-29 00:51:03,2018 / 中国大陆 中国香港 / 动作 悬疑 奇幻 武侠 古装 / 徐克 / 赵又廷 冯绍峰
27040844,人生一串 第一季,,https://dou.img.lithub.cc/movie/27040844.jpg,2018-06-20(中国大陆),https://movie.douban.com/subject/27040844/,8.9,纪录片,5,饿eeeeeee,,2018-07-21 17:13:48,2018 / 中国大陆 / 纪录片 / 陈英杰 刘执戈 金颖 张岳明 赵云泽 李根
26752088,我不是药神,,https://dou.img.lithub.cc/movie/26752088.jpg,2018-07-05(中国大陆),https://movie.douban.com/subject/26752088/,9,"剧情,喜剧",5,除去渲染需要的情节，其余为导演主演点赞！,,2018-07-07 13:12:25,2018 / 中国大陆 / 剧情 喜剧 / 文牧野 / 徐峥 王传君
26925317,动物世界,,https://dou.img.lithub.cc/movie/26925317.jpg,2018-06-29(中国大陆),https://movie.douban.com/subject/26925317/,7.2,"剧情,动作,冒险",2,毫无实质,,2018-07-03 00:59:52,2018 / 中国大陆 / 剧情 动作 冒险 / 韩延 / 李易峰 迈克尔·道格拉斯
26930375,凭空而来,,https://dou.img.lithub.cc/movie/26930375.jpg,2017-05-26(戛纳电影节),https://movie.douban.com/subject/26930375/,7.4,"剧情,犯罪",4,无知，真知，谁知。,,2018-05-03 22:42:57,2017 / 德国 法国 / 剧情 犯罪 / 法提赫·阿金 / 黛安·克鲁格 丹尼斯·莫斯奇托
26603666,妈妈咪鸭,,https://dou.img.lithub.cc/movie/26603666.jpg,2018-03-09(中国大陆),https://movie.douban.com/subject/26603666/,7,"喜剧,动画,家庭",4,,,2018-05-03 20:47:50,2018 / 中国大陆 美国 / 喜剧 动画 家庭 冒险 / 赵锐 克里斯托弗·詹金斯 / 赵路 武皓栋
20435622,环太平洋：雷霆再起,,https://dou.img.lithub.cc/movie/20435622.jpg,2018-03-23(中国大陆),https://movie.douban.com/subject/20435622/,5.4,"动作,科幻,冒险",2,,,2018-04-25 22:37:17,2018 / 英国 中国大陆 日本 美国 墨西哥 / 动作 科幻 冒险 / 斯蒂文·S·迪奈特 / 约翰·博耶加 卡莉·史派妮
7056414,通勤营救,,https://dou.img.lithub.cc/movie/7056414.jpg,2018-03-30(中国大陆),https://movie.douban.com/subject/7056414/,6.5,"动作,惊悚,犯罪",4,,,2018-04-13 00:04:05,2018 / 美国 英国 / 动作 惊悚 犯罪 / 佐米·希尔拉 / 连姆·尼森 维拉·法米加
26861685,红海行动,,https://dou.img.lithub.cc/movie/26861685.jpg,2018-02-16(中国大陆),https://movie.douban.com/subject/26861685/,8.2,"动作,战争",4,,,2018-03-09 07:49:02,2018 / 中国大陆 中国香港 / 动作 战争 / 林超贤 / 张译 黄景瑜
26657126,不成问题的问题,,https://dou.img.lithub.cc/movie/26657126.jpg,2017-11-21(中国大陆),https://movie.douban.com/subject/26657126/,8.1,剧情,4,,,2018-03-01 22:26:13,2016 / 中国大陆 法国 / 剧情 / 梅峰 / 范伟 殷桃
27059130,大佛普拉斯,,https://dou.img.lithub.cc/movie/27059130.jpg,2017-10-13(中国台湾),https://movie.douban.com/subject/27059130/,8.7,"剧情,喜剧",4,,,2018-02-22 00:13:37,2017 / 中国台湾 / 剧情 喜剧 / 黄信尧 / 庄益增 陈竹升
26965165,马斯顿教授与神奇女侠,,https://dou.img.lithub.cc/movie/26965165.jpg,2017-09-09(多伦多电影节),https://movie.douban.com/subject/26965165/,7.9,"剧情,爱情,同性",5,真实事件改编，服,,2018-02-06 22:14:44,2017 / 美国 / 剧情 爱情 同性 传记 / 安吉拉·罗宾森 / 卢克·伊万斯 丽贝卡·豪尔
25814668,副本 第一季,,https://dou.img.lithub.cc/movie/25814668.jpg,2018-02-02(美国),https://movie.douban.com/subject/25814668/,7.7,"剧情,科幻,惊悚",4,剧情前半部分紧凑，后部分太撤,,2018-02-05 00:06:31,2018 / 美国 / 剧情 科幻 惊悚 / 乌塔·布里兹维茨 彼得·霍尔 尼克·赫伦 安迪·戈达德 艾利克斯·格雷夫斯 米格尔·萨普什尼克 / 乔尔·金纳曼 詹姆斯·鲍弗
20495023,寻梦环游记,,https://dou.img.lithub.cc/movie/20495023.jpg,2017-11-24(中国大陆),https://movie.douban.com/subject/20495023/,9.1,"喜剧,动画,音乐",5,,,2018-02-02 16:10:13,2017 / 美国 / 喜剧 动画 音乐 奇幻 / 李·昂克里奇 阿德里安·莫利纳 / 安东尼·冈萨雷斯 盖尔·加西亚·贝纳尔
25790761,东方快车谋杀案,,https://dou.img.lithub.cc/movie/25790761.jpg,2017-11-10(中国大陆),https://movie.douban.com/subject/25790761/,6.8,"剧情,悬疑,犯罪",4,有觉着胡子太假的小伙伴吗？,,2018-01-31 08:47:34,2017 / 马耳他 美国 / 剧情 悬疑 犯罪 / 肯尼思·布拉纳 / 肯尼思·布拉纳 汤姆·巴特曼
26611804,三块广告牌,,https://dou.img.lithub.cc/movie/26611804.jpg,2018-03-02(中国大陆),https://movie.douban.com/subject/26611804/,8.7,"剧情,犯罪",5,每个都是角儿！,,2018-01-29 20:41:09,2017 / 英国 美国 / 剧情 犯罪 / 马丁·麦克唐纳 / 弗兰西斯·麦克多蒙德 伍迪·哈里森
10512661,银翼杀手2049,,https://dou.img.lithub.cc/movie/10512661.jpg,2017-10-27(中国大陆),https://movie.douban.com/subject/10512661/,8.3,"剧情,动作,科幻",3,只想看部轻松的科幻片啊，可内容太深刻,,2018-01-21 10:50:50,2017 / 美国 英国 加拿大 西班牙 / 剧情 动作 科幻 悬疑 惊悚 / 丹尼斯·维伦纽瓦 / 瑞恩·高斯林 哈里森·福特
6874741,无问西东,,https://dou.img.lithub.cc/movie/6874741.jpg,2018-01-12(中国大陆),https://movie.douban.com/subject/6874741/,7.5,"剧情,爱情,战争",2,4个故事，2个多小时，憋尿看完最后字幕彩蛋，憋！！！,,2018-01-13 16:55:39,2018 / 中国大陆 / 剧情 爱情 战争 / 李芳芳 / 章子怡 黄晓明
26378579,王牌特工2：黄金圈,,https://dou.img.lithub.cc/movie/26378579.jpg,2017-10-20(中国大陆),https://movie.douban.com/subject/26378579/,6.8,"喜剧,动作,冒险",2,大表姐闪亮登场，👏,,2018-01-01 09:58:09,2017 / 英国 美国 / 喜剧 动作 冒险 / 马修·沃恩 / 塔伦·埃哲顿 科林·费尔斯
26363254,战狼2,,https://dou.img.lithub.cc/movie/26363254.jpg,2017-07-27(中国大陆),https://movie.douban.com/subject/26363254/,7.1,"动作,战争",3,有自我YY感觉，看看也不错啦,,2018-01-01 09:56:46,2017 / 中国大陆 / 动作 战争 / 吴京 / 吴京 弗兰克·格里罗
26775933,暴雪将至,,https://dou.img.lithub.cc/movie/26775933.jpg,2017-11-17(中国大陆),https://movie.douban.com/subject/26775933/,7,"剧情,悬疑,犯罪",2,黑色吗？这么含蓄，作？,,2018-01-01 09:55:02,2017 / 中国大陆 / 剧情 悬疑 犯罪 / 董越 / 段奕宏 江一燕
26862829,芳华,,https://dou.img.lithub.cc/movie/26862829.jpg,2017-12-15(中国大陆),https://movie.douban.com/subject/26862829/,7.7,"剧情,历史,战争",4,沧海桑田后的内心平静显得如此珍贵，可又有些无奈，时代啊,,2018-01-01 09:52:40,2017 / 中国大陆 / 剧情 历史 战争 / 冯小刚 / 黄轩 苗苗
26797419,二代妖精之今生有幸,,https://dou.img.lithub.cc/movie/26797419.jpg,2017-12-29(中国大陆),https://movie.douban.com/subject/26797419/,5.5,"喜剧,爱情,奇幻",3,神仙姐姐还是那么可爱,,2018-01-01 09:44:50,2017 / 中国大陆 / 喜剧 爱情 奇幻 / 肖洋 / 冯绍峰 刘亦菲
27024903,天才枪手,,https://dou.img.lithub.cc/movie/27024903.jpg,2017-10-13(中国大陆),https://movie.douban.com/subject/27024903/,8.2,"剧情,悬疑,犯罪",4,看着也紧张，小心脏噗噗噗,,2017-11-19 15:46:04,2017 / 泰国 / 剧情 悬疑 犯罪 / 纳塔吾·彭皮里亚 / 茱蒂蒙·琼查容苏因 查侬·散顶腾古
27038183,羞羞的铁拳,,https://dou.img.lithub.cc/movie/27038183.jpg,2017-09-30(中国大陆),https://movie.douban.com/subject/27038183/,6.8,"喜剧,奇幻",4,,,2017-10-07 15:30:41,2017 / 中国大陆 / 喜剧 奇幻 / 宋阳 张吃鱼 / 艾伦 马丽
4066125,谜一样的双眼,,https://dou.img.lithub.cc/movie/4066125.jpg,2009-08-13(阿根廷),https://movie.douban.com/subject/4066125/,8.2,"剧情,爱情,悬疑",5,爱得深沉A！,,2017-10-03 00:22:19,2009 / 阿根廷 西班牙 / 剧情 爱情 悬疑 犯罪 / 胡安·何塞·坎帕内利亚 / 里卡多·达林 索蕾达·维拉米尔
26816383,喜欢你,,https://dou.img.lithub.cc/movie/26816383.jpg,2017-04-27(中国大陆),https://movie.douban.com/subject/26816383/,6.7,"喜剧,爱情",3,好吧，武叔被雨妹搞定,,2017-08-14 21:38:21,2017 / 中国大陆 中国香港 / 喜剧 爱情 / 许宏宇 / 金城武 周冬雨
26266085,三个老枪手,,https://dou.img.lithub.cc/movie/26266085.jpg,2017-04-07(美国),https://movie.douban.com/subject/26266085/,7.8,"喜剧,犯罪",4,温情小片，黑得可爱,,2017-08-13 23:46:12,2017 / 美国 / 喜剧 犯罪 / 扎克·布拉夫 / 迈克尔·凯恩 摩根·弗里曼
11600078,目击者之追凶,,https://dou.img.lithub.cc/movie/11600078.jpg,2017-03-31(中国台湾),https://movie.douban.com/subject/11600078/,8.2,"悬疑,惊悚,犯罪",5,嘘，追凶,,2017-08-09 23:47:25,2017 / 中国台湾 / 悬疑 惊悚 犯罪 / 程伟豪 / 庄凯勋 许玮甯
25884801,记忆大师,,https://dou.img.lithub.cc/movie/25884801.jpg,2017-04-28(中国大陆),https://movie.douban.com/subject/25884801/,7.1,"悬疑,惊悚",4,可能在影院看更有代入感,,2017-08-07 23:10:31,2017 / 中国大陆 / 悬疑 惊悚 / 陈正道 / 黄渤 段奕宏
26704590,一念无明,,https://dou.img.lithub.cc/movie/26704590.jpg,2017-04-07(中国大陆),https://movie.douban.com/subject/26704590/,7.9,"剧情,家庭",4,到底谁有病，谁知道呢,,2017-08-07 23:06:24,2016 / 中国香港 / 剧情 家庭 / 黄进 / 曾志伟 余文乐
26270502,绣春刀II：修罗战场,,https://dou.img.lithub.cc/movie/26270502.jpg,2017-07-19(中国大陆),https://movie.douban.com/subject/26270502/,7.2,"剧情,动作,武侠",3,儿女情长,,2017-07-22 15:15:45,2017 / 中国大陆 / 剧情 动作 武侠 古装 / 路阳 / 张震 杨幂
26425072,明月几时有,,https://dou.img.lithub.cc/movie/26425072.jpg,2017-07-01(中国大陆),https://movie.douban.com/subject/26425072/,6.9,"剧情,历史,战争",3,这段小故事不太感冒，也许是对战争的不理解,,2017-07-02 15:59:57,2017 / 中国大陆 中国香港 / 剧情 历史 战争 / 许鞍华 / 周迅 彭于晏
26782706,天才 第一季,,https://dou.img.lithub.cc/movie/26782706.jpg,2017-04-23(英国),https://movie.douban.com/subject/26782706/,8.7,"剧情,传记,历史",5,天才！,,2017-07-01 20:19:50,2017 / 美国 / 剧情 传记 历史 / 朗·霍华德 明基·斯皮罗 凯文·霍克斯 詹姆斯·哈维斯 肯尼士·比勒 / 杰弗里·拉什 强尼·弗林
11803087,异形：契约,,https://dou.img.lithub.cc/movie/11803087.jpg,2017-06-16(中国大陆),https://movie.douban.com/subject/11803087/,7.4,"科幻,恐怖",2,配角的作用是给主角让位！,,2017-06-22 20:32:22,2017 / 美国 / 科幻 恐怖 / 雷德利·斯科特 / 迈克尔·法斯宾德 凯瑟琳·沃特斯顿
26387939,摔跤吧！爸爸,,https://dou.img.lithub.cc/movie/26387939.jpg,2017-05-05(中国大陆),https://movie.douban.com/subject/26387939/,9,"剧情,家庭,传记",5,爸爸被摔倒的那刻，被 get 到,,2017-06-17 21:52:26,2016 / 印度 / 剧情 家庭 传记 运动 / 涅提·蒂瓦里 / 阿米尔·汗 法缇玛·萨那·纱卡
22263645,猜火车2,,https://dou.img.lithub.cc/movie/22263645.jpg,2017-01-27(英国),https://movie.douban.com/subject/22263645/,8,"剧情,犯罪",,,,2017-06-17 21:51:22,2017 / 英国 / 剧情 犯罪 / 丹尼·博伊尔 / 伊万·麦克格雷格 约翰尼·李·米勒
26844922,杰出公民,,https://dou.img.lithub.cc/movie/26844922.jpg,2016-09-04(威尼斯电影节),https://movie.douban.com/subject/26844922/,8.4,"剧情,喜剧",4,荒诞的小镇，以及老问“故事是真的还是假的”的“小孩子”,,2017-06-17 21:50:47,2016 / 阿根廷 西班牙 / 剧情 喜剧 / 加斯顿·杜帕拉特 马里亚诺·寇恩 / 奥斯卡·马丁内兹 达迪·布列瓦
26333560,疾速追杀2,,https://dou.img.lithub.cc/movie/26333560.jpg,2017-02-10(美国),https://movie.douban.com/subject/26333560/,7.9,"动作,惊悚,犯罪",3,主角光环太厚，眼前闪出《真·三国无双》！,,2017-06-13 17:29:09,2017 / 美国 中国香港 / 动作 惊悚 犯罪 / 查德·斯塔赫斯基 / 基努·里维斯 里卡尔多·斯卡马奇奥
25765735,金刚狼3：殊死一战,,https://dou.img.lithub.cc/movie/25765735.jpg,2017-03-03(中国大陆),https://movie.douban.com/subject/25765735/,8.3,"剧情,动作,科幻",4,的确扎心,,2017-04-28 20:18:38,2017 / 美国 / 剧情 动作 科幻 / 詹姆斯·曼高德 / 休·杰克曼 帕特里克·斯图尔特
26615208,隐藏人物,,https://dou.img.lithub.cc/movie/26615208.jpg,2016-12-25(美国),https://movie.douban.com/subject/26615208/,8.9,"剧情,传记,历史",4,,,2017-04-21 21:22:25,2016 / 美国 / 剧情 传记 历史 / 西奥多·梅尔菲 / 塔拉吉·P·汉森 奥克塔维亚·斯宾瑟
26260853,速度与激情8,,https://dou.img.lithub.cc/movie/26260853.jpg,2017-04-14(中国大陆),https://movie.douban.com/subject/26260853/,7,"动作,犯罪",2,眼瞎，还不如看达康书记,,2017-04-15 23:48:55,2017 / 中国大陆 美国 日本 / 动作 犯罪 / F·加里·格雷 / 范·迪塞尔 杰森·斯坦森
26309788,金刚：骷髅岛,,https://dou.img.lithub.cc/movie/26309788.jpg,2017-03-24(中国大陆),https://movie.douban.com/subject/26309788/,6.5,"动作,奇幻,冒险",3,,,2017-04-12 22:12:27,2017 / 美国 中国大陆 / 动作 奇幻 冒险 / 乔丹·沃格特-罗伯茨 / 汤姆·希德勒斯顿 塞缪尔·杰克逊
26600660,分裂,,https://dou.img.lithub.cc/movie/26600660.jpg,2016-12-26(奇幻电影节),https://movie.douban.com/subject/26600660/,7.4,"悬疑,惊悚,犯罪",4,怎么感觉是爱情片呢？,,2017-04-08 08:08:34,2016 / 美国 / 悬疑 惊悚 犯罪 / M·奈特·沙马兰 / 詹姆斯·麦卡沃伊 安雅·泰勒-乔伊
26703158,斯隆女士,,https://dou.img.lithub.cc/movie/26703158.jpg,2016-11-11(AFI影展),https://movie.douban.com/subject/26703158/,8.8,"剧情,悬疑",4,那小秘书不走，意味深长啊,,2017-04-04 19:45:45,2016 / 美国 法国 / 剧情 悬疑 / 约翰·马登 / 杰西卡·查斯坦 古古·姆巴塔-劳
20471852,生化危机：终章,,https://dou.img.lithub.cc/movie/20471852.jpg,2017-02-24(中国大陆),https://movie.douban.com/subject/20471852/,6.5,"动作,科幻,恐怖",3,CG已刷！,,2017-03-24 23:19:30,2016 / 美国 德国 法国 加拿大 南非 澳大利亚 英国 日本 中国大陆 / 动作 科幻 恐怖 / 保罗·安德森 / 米拉·乔沃维奇 伊恩·格雷
25726614,神奇动物在哪里,,https://dou.img.lithub.cc/movie/25726614.jpg,2016-11-25(中国大陆),https://movie.douban.com/subject/25726614/,7.7,"剧情,奇幻,冒险",5,魔法世界 IN MAGIC！！！,,2017-02-07 23:27:28,2016 / 英国 美国 / 剧情 奇幻 冒险 / 大卫·叶茨 / 埃迪·雷德梅恩 凯瑟琳·沃特斯顿
26284621,追凶者也,,https://dou.img.lithub.cc/movie/26284621.jpg,2016-09-14(中国大陆),https://movie.douban.com/subject/26284621/,7.9,"剧情,喜剧,犯罪",4,难得如此认真黑色，节奏幽默感都在，支持国产,,2017-02-05 23:32:12,2016 / 中国大陆 / 剧情 喜剧 犯罪 / 曹保平 / 刘烨 张译
21324900,降临,,https://dou.img.lithub.cc/movie/21324900.jpg,2017-01-20(中国大陆),https://movie.douban.com/subject/21324900/,7.8,"剧情,科幻",3,佩服设定，可跟外星人交流来交流去，为了啥？,,2017-02-04 14:10:40,2016 / 美国 加拿大 / 剧情 科幻 / 丹尼斯·维伦纽瓦 / 艾米·亚当斯 杰瑞米·雷纳
25983044,比利·林恩的中场战事,,https://dou.img.lithub.cc/movie/25983044.jpg,2016-11-11(中国大陆),https://movie.douban.com/subject/25983044/,8.3,"剧情,战争",3,,,2017-02-02 13:34:44,2016 / 美国 英国 中国大陆 / 剧情 战争 / 李安 / 乔·阿尔文 加内特·赫德兰
26862259,乘风破浪,,https://dou.img.lithub.cc/movie/26862259.jpg,2017-01-28(中国大陆),https://movie.douban.com/subject/26862259/,6.8,"剧情,喜剧",2,快消品质，韩二出品,,2017-01-31 14:00:12,2017 / 中国大陆 / 剧情 喜剧 / 韩寒 / 邓超 彭于晏
26630781,我不是潘金莲,,https://dou.img.lithub.cc/movie/26630781.jpg,2016-11-18(中国大陆),https://movie.douban.com/subject/26630781/,6.7,"剧情,喜剧",3,能不能好好讲故事？,,2017-01-28 14:04:59,2016 / 中国大陆 / 剧情 喜剧 / 冯小刚 / 范冰冰 郭涛
26712210,中国新年：全球最大庆典,,https://dou.img.lithub.cc/movie/26712210.jpg,2016-02-14(英国),https://movie.douban.com/subject/26712210/,8.2,纪录片,5,年味由此开始😘,,2017-01-21 16:27:10,2016 / 英国 / 纪录片 / Bill Locke / 凯特·亨布尔 Ant Anstead
22266320,深海浩劫,,https://dou.img.lithub.cc/movie/22266320.jpg,2016-11-15(中国大陆),https://movie.douban.com/subject/22266320/,7,"剧情,冒险,灾难",3,,,2017-01-08 08:18:51,2016 / 美国 中国香港 / 剧情 冒险 灾难 / 彼得·博格 / 马克·沃尔伯格 迪伦·奥布莱恩
1947549,生死狙击,,https://dou.img.lithub.cc/movie/1947549.jpg,2007-05-12(中国大陆),https://movie.douban.com/subject/1947549/,7.8,"剧情,动作,惊悚",4,二楞FBI搭档神给力,,2017-01-08 08:15:44,2007 / 美国 / 剧情 动作 惊悚 / 安东尼·福奎阿 / 马克·沃尔伯格 迈克尔·佩纳
25921812,驴得水,,https://dou.img.lithub.cc/movie/25921812.jpg,2016-10-28(中国大陆),https://movie.douban.com/subject/25921812/,8.3,"剧情,喜剧",5,1，2，3，来~笑！,,2016-12-30 22:36:33,2016 / 中国大陆 / 剧情 喜剧 / 周申 刘露 / 任素汐 大力
6982558,长城,,https://dou.img.lithub.cc/movie/6982558.jpg,2016-12-16(中国大陆),https://movie.douban.com/subject/6982558/,4.9,"动作,奇幻,冒险",1,,,2016-12-29 21:08:47,2016 / 中国大陆 美国 / 动作 奇幻 冒险 / 张艺谋 / 马特·达蒙 景甜
26663628,指定幸存者 第一季,,https://dou.img.lithub.cc/movie/26663628.jpg,2016-09-21(美国),https://movie.douban.com/subject/26663628/,7.9,"剧情,悬疑",4,小强总统真不是滋味，随编剧撤,,2016-12-17 15:49:01,2016 / 美国 / 剧情 悬疑 / 保罗·麦圭根 / 基弗·萨瑟兰 娜塔莎·麦克艾霍恩
26325320,血战钢锯岭,,https://dou.img.lithub.cc/movie/26325320.jpg,2016-12-08(中国大陆),https://movie.douban.com/subject/26325320/,8.7,"剧情,传记,历史",5,save one more ,,2016-12-17 15:45:56,2016 / 澳大利亚 美国 / 剧情 传记 历史 战争 / 梅尔·吉布森 / 安德鲁·加菲尔德 萨姆·沃辛顿